-- MySQL dump 10.13  Distrib 5.7.9, for Win32 (AMD64)
--
-- Host: localhost    Database: chat
-- ------------------------------------------------------
-- Server version	5.7.11-log

/*!40101 SET @OLD_CHARACTER_SET_CLIENT=@@CHARACTER_SET_CLIENT */;
/*!40101 SET @OLD_CHARACTER_SET_RESULTS=@@CHARACTER_SET_RESULTS */;
/*!40101 SET @OLD_COLLATION_CONNECTION=@@COLLATION_CONNECTION */;
/*!40101 SET NAMES utf8 */;
/*!40103 SET @OLD_TIME_ZONE=@@TIME_ZONE */;
/*!40103 SET TIME_ZONE='+00:00' */;
/*!40014 SET @OLD_UNIQUE_CHECKS=@@UNIQUE_CHECKS, UNIQUE_CHECKS=0 */;
/*!40014 SET @OLD_FOREIGN_KEY_CHECKS=@@FOREIGN_KEY_CHECKS, FOREIGN_KEY_CHECKS=0 */;
/*!40101 SET @OLD_SQL_MODE=@@SQL_MODE, SQL_MODE='NO_AUTO_VALUE_ON_ZERO' */;
/*!40111 SET @OLD_SQL_NOTES=@@SQL_NOTES, SQL_NOTES=0 */;

--
-- Table structure for table `asset`
--

DROP TABLE IF EXISTS `asset`;
/*!40101 SET @saved_cs_client     = @@character_set_client */;
/*!40101 SET character_set_client = utf8 */;
CREATE TABLE `asset` (
  `id` int(11) NOT NULL AUTO_INCREMENT,
  `src` varchar(45) NOT NULL,
  `width` int(11) NOT NULL,
  `height` int(11) NOT NULL,
  `pixel_width` int(11) NOT NULL,
  `pixel_height` int(11) NOT NULL,
  `z_start` int(11) DEFAULT '0',
  PRIMARY KEY (`id`),
  UNIQUE KEY `id_UNIQUE` (`id`)
) ENGINE=InnoDB AUTO_INCREMENT=23 DEFAULT CHARSET=utf8;
/*!40101 SET character_set_client = @saved_cs_client */;

--
-- Dumping data for table `asset`
--

LOCK TABLES `asset` WRITE;
/*!40000 ALTER TABLE `asset` DISABLE KEYS */;
INSERT INTO `asset` VALUES (1,'assets/pokemon_grass_tile.png',1,1,16,16,0),(2,'assets/outlet.png',1,1,16,16,0),(3,'assets/pokemon-center.png',5,6,89,112,0),(4,'assets/light-green-circlular-tree.png',4,5,56,65,0),(5,'assets/fancy-ground-green.png',1,1,48,48,0),(6,'assets/tree-2.png',2,3,36,44,1),(8,'assets/big-house-2.png',9,8,136,94,4),(9,'assets/medium-house.png',5,8,88,100,4),(10,'assets/rock1.png',3,2,70,48,0),(11,'assets/rock-mid.png',4,1,70,16,0),(12,'assets/rock-top.png',4,1,70,16,0),(13,'assets/rock-bot.png',4,1,70,16,0),(14,'assets/rocky/rock-0-0.png',1,1,16,16,1),(15,'assets/rocky/rock-1-0.png',1,1,16,16,0),(16,'assets/rocky/rock-2-0.png',1,1,16,16,0),(17,'assets/rocky/rock-0-1.png',1,1,16,16,1),(18,'assets/rocky/rock-1-1.png',1,1,16,16,0),(19,'assets/rocky/rock-2-1.png',1,1,16,16,0),(20,'assets/rocky/rock-0-2.png',1,1,16,16,1),(21,'assets/rocky/rock-1-2.png',1,1,16,16,0),(22,'assets/rocky/rock-2-2.png',1,1,16,16,0);
/*!40000 ALTER TABLE `asset` ENABLE KEYS */;
UNLOCK TABLES;

--
-- Table structure for table `map`
--

DROP TABLE IF EXISTS `map`;
/*!40101 SET @saved_cs_client     = @@character_set_client */;
/*!40101 SET character_set_client = utf8 */;
CREATE TABLE `map` (
  `id` int(11) NOT NULL AUTO_INCREMENT,
  `name` varchar(45) NOT NULL,
  `width` int(11) NOT NULL,
  `height` int(11) NOT NULL,
  PRIMARY KEY (`id`),
  UNIQUE KEY `id_UNIQUE` (`id`)
) ENGINE=InnoDB AUTO_INCREMENT=4 DEFAULT CHARSET=utf8;
/*!40101 SET character_set_client = @saved_cs_client */;

--
-- Dumping data for table `map`
--

LOCK TABLES `map` WRITE;
/*!40000 ALTER TABLE `map` DISABLE KEYS */;
INSERT INTO `map` VALUES (1,'Green Land 1',40,20),(2,'Green Land 2',40,20),(3,'Green Land 3',60,30);
/*!40000 ALTER TABLE `map` ENABLE KEYS */;
UNLOCK TABLES;

--
-- Table structure for table `map_asset`
--

DROP TABLE IF EXISTS `map_asset`;
/*!40101 SET @saved_cs_client     = @@character_set_client */;
/*!40101 SET character_set_client = utf8 */;
CREATE TABLE `map_asset` (
  `id` int(11) NOT NULL AUTO_INCREMENT,
  `x` int(11) NOT NULL,
  `y` int(11) NOT NULL,
  `asset_id` int(11) NOT NULL,
  `map_id` int(11) NOT NULL,
  `navigation` varchar(45) DEFAULT NULL,
  `is_background` varchar(45) NOT NULL,
  PRIMARY KEY (`id`),
  KEY `map_id_idx` (`map_id`),
  KEY `asset_id_idx` (`asset_id`),
  CONSTRAINT `asset_id` FOREIGN KEY (`asset_id`) REFERENCES `asset` (`id`) ON DELETE NO ACTION ON UPDATE NO ACTION,
  CONSTRAINT `foreign_key_1` FOREIGN KEY (`map_id`) REFERENCES `map` (`id`) ON DELETE NO ACTION ON UPDATE NO ACTION
) ENGINE=InnoDB AUTO_INCREMENT=6154 DEFAULT CHARSET=utf8;
/*!40101 SET character_set_client = @saved_cs_client */;

--
-- Dumping data for table `map_asset`
--

LOCK TABLES `map_asset` WRITE;
/*!40000 ALTER TABLE `map_asset` DISABLE KEYS */;
INSERT INTO `map_asset` VALUES (1,0,10,1,1,'true','true'),(802,0,0,1,1,'true','true'),(803,0,1,1,1,'true','true'),(804,0,2,1,1,'true','true'),(805,0,3,1,1,'true','true'),(806,0,4,1,1,'true','true'),(807,0,5,1,1,'true','true'),(808,0,6,1,1,'true','true'),(809,0,7,1,1,'true','true'),(810,0,8,1,1,'true','true'),(811,0,9,1,1,'true','true'),(812,0,10,1,1,'true','true'),(813,0,11,1,1,'true','true'),(814,0,12,1,1,'true','true'),(815,0,13,1,1,'true','true'),(816,0,14,1,1,'true','true'),(817,0,15,1,1,'true','true'),(818,0,16,1,1,'true','true'),(819,0,17,1,1,'true','true'),(820,0,18,1,1,'true','true'),(821,0,19,1,1,'true','true'),(822,1,0,1,1,'true','true'),(823,1,1,1,1,'true','true'),(824,1,2,1,1,'true','true'),(825,1,3,1,1,'true','true'),(826,1,4,1,1,'true','true'),(827,1,5,1,1,'true','true'),(828,1,6,1,1,'true','true'),(829,1,7,1,1,'true','true'),(830,1,8,1,1,'true','true'),(831,1,9,1,1,'true','true'),(832,1,10,1,1,'true','true'),(833,1,11,1,1,'true','true'),(834,1,12,1,1,'true','true'),(835,1,13,1,1,'true','true'),(836,1,14,1,1,'true','true'),(837,1,15,1,1,'true','true'),(838,1,16,1,1,'true','true'),(839,1,17,1,1,'true','true'),(840,1,18,1,1,'true','true'),(841,1,19,1,1,'true','true'),(842,2,0,1,1,'true','true'),(843,2,1,1,1,'true','true'),(844,2,2,1,1,'true','true'),(845,2,3,1,1,'true','true'),(846,2,4,1,1,'true','true'),(847,2,5,1,1,'true','true'),(848,2,6,1,1,'true','true'),(849,2,7,1,1,'true','true'),(850,2,8,1,1,'true','true'),(851,2,9,1,1,'true','true'),(852,2,10,1,1,'true','true'),(853,2,11,1,1,'true','true'),(854,2,12,1,1,'true','true'),(855,2,13,1,1,'true','true'),(856,2,14,1,1,'true','true'),(857,2,15,1,1,'true','true'),(858,2,16,1,1,'true','true'),(859,2,17,1,1,'true','true'),(860,2,18,1,1,'true','true'),(861,2,19,1,1,'true','true'),(862,3,0,1,1,'true','true'),(863,3,1,1,1,'true','true'),(864,3,2,1,1,'true','true'),(865,3,3,1,1,'true','true'),(866,3,4,1,1,'true','true'),(867,3,5,1,1,'true','true'),(868,3,6,1,1,'true','true'),(869,3,7,1,1,'true','true'),(870,3,8,1,1,'true','true'),(871,3,9,1,1,'true','true'),(872,3,10,1,1,'true','true'),(873,3,11,1,1,'true','true'),(874,3,12,1,1,'true','true'),(875,3,13,1,1,'true','true'),(876,3,14,1,1,'true','true'),(877,3,15,1,1,'true','true'),(878,3,16,1,1,'true','true'),(879,3,17,1,1,'true','true'),(880,3,18,1,1,'true','true'),(881,3,19,1,1,'true','true'),(882,4,0,1,1,'true','true'),(883,4,1,1,1,'true','true'),(884,4,2,1,1,'true','true'),(885,4,3,1,1,'true','true'),(886,4,4,1,1,'true','true'),(887,4,5,1,1,'true','true'),(888,4,6,1,1,'true','true'),(889,4,7,1,1,'true','true'),(890,4,8,1,1,'true','true'),(891,4,9,1,1,'true','true'),(892,4,10,1,1,'true','true'),(893,4,11,1,1,'true','true'),(894,4,12,1,1,'true','true'),(895,4,13,1,1,'true','true'),(896,4,14,1,1,'true','true'),(897,4,15,1,1,'true','true'),(898,4,16,1,1,'true','true'),(899,4,17,1,1,'true','true'),(900,4,18,1,1,'true','true'),(901,4,19,1,1,'true','true'),(902,5,0,1,1,'true','true'),(903,5,1,1,1,'true','true'),(904,5,2,1,1,'true','true'),(905,5,3,1,1,'true','true'),(906,5,4,1,1,'true','true'),(907,5,5,1,1,'true','true'),(908,5,6,1,1,'true','true'),(909,5,7,1,1,'true','true'),(910,5,8,1,1,'true','true'),(911,5,9,1,1,'true','true'),(912,5,10,1,1,'true','true'),(913,5,11,1,1,'true','true'),(914,5,12,1,1,'true','true'),(915,5,13,1,1,'true','true'),(916,5,14,1,1,'true','true'),(917,5,15,1,1,'true','true'),(918,5,16,1,1,'true','true'),(919,5,17,1,1,'true','true'),(920,5,18,1,1,'true','true'),(921,5,19,1,1,'true','true'),(922,6,0,1,1,'true','true'),(923,6,1,1,1,'true','true'),(924,6,2,1,1,'true','true'),(925,6,3,1,1,'true','true'),(926,6,4,1,1,'true','true'),(927,6,5,1,1,'true','true'),(928,6,6,1,1,'true','true'),(929,6,7,1,1,'true','true'),(930,6,8,1,1,'true','true'),(931,6,9,1,1,'true','true'),(932,6,10,1,1,'true','true'),(933,6,11,1,1,'true','true'),(934,6,12,1,1,'true','true'),(935,6,13,1,1,'true','true'),(936,6,14,1,1,'true','true'),(937,6,15,1,1,'true','true'),(938,6,16,1,1,'true','true'),(939,6,17,1,1,'true','true'),(940,6,18,1,1,'true','true'),(941,6,19,1,1,'true','true'),(942,7,0,1,1,'true','true'),(943,7,1,1,1,'true','true'),(944,7,2,1,1,'true','true'),(945,7,3,1,1,'true','true'),(946,7,4,1,1,'true','true'),(947,7,5,1,1,'true','true'),(948,7,6,1,1,'true','true'),(949,7,7,1,1,'true','true'),(950,7,8,1,1,'true','true'),(951,7,9,1,1,'true','true'),(952,7,10,1,1,'true','true'),(953,7,11,1,1,'true','true'),(954,7,12,1,1,'true','true'),(955,7,13,1,1,'true','true'),(956,7,14,1,1,'true','true'),(957,7,15,1,1,'true','true'),(958,7,16,1,1,'true','true'),(959,7,17,1,1,'true','true'),(960,7,18,1,1,'true','true'),(961,7,19,1,1,'true','true'),(962,8,0,1,1,'true','true'),(963,8,1,1,1,'true','true'),(964,8,2,1,1,'true','true'),(965,8,3,1,1,'true','true'),(966,8,4,1,1,'true','true'),(967,8,5,1,1,'true','true'),(968,8,6,1,1,'true','true'),(969,8,7,1,1,'true','true'),(970,8,8,1,1,'true','true'),(971,8,9,1,1,'true','true'),(972,8,10,1,1,'true','true'),(973,8,11,1,1,'true','true'),(974,8,12,1,1,'true','true'),(975,8,13,1,1,'true','true'),(976,8,14,1,1,'true','true'),(977,8,15,1,1,'true','true'),(978,8,16,1,1,'true','true'),(979,8,17,1,1,'true','true'),(980,8,18,1,1,'true','true'),(981,8,19,1,1,'true','true'),(982,9,0,1,1,'true','true'),(983,9,1,1,1,'true','true'),(984,9,2,1,1,'true','true'),(985,9,3,1,1,'true','true'),(986,9,4,1,1,'true','true'),(987,9,5,1,1,'true','true'),(988,9,6,1,1,'true','true'),(989,9,7,1,1,'true','true'),(990,9,8,1,1,'true','true'),(991,9,9,1,1,'true','true'),(992,9,10,1,1,'true','true'),(993,9,11,1,1,'true','true'),(994,9,12,1,1,'true','true'),(995,9,13,1,1,'true','true'),(996,9,14,1,1,'true','true'),(997,9,15,1,1,'true','true'),(998,9,16,1,1,'true','true'),(999,9,17,1,1,'true','true'),(1000,9,18,1,1,'true','true'),(1001,9,19,1,1,'true','true'),(1002,10,0,1,1,'true','true'),(1003,10,1,1,1,'true','true'),(1004,10,2,1,1,'true','true'),(1005,10,3,1,1,'true','true'),(1006,10,4,1,1,'true','true'),(1007,10,5,1,1,'true','true'),(1008,10,6,1,1,'true','true'),(1009,10,7,1,1,'true','true'),(1010,10,8,1,1,'true','true'),(1011,10,9,1,1,'true','true'),(1012,10,10,1,1,'true','true'),(1013,10,11,1,1,'true','true'),(1014,10,12,1,1,'true','true'),(1015,10,13,1,1,'true','true'),(1016,10,14,1,1,'true','true'),(1017,10,15,1,1,'true','true'),(1018,10,16,1,1,'true','true'),(1019,10,17,1,1,'true','true'),(1020,10,18,1,1,'true','true'),(1021,10,19,1,1,'true','true'),(1022,11,0,1,1,'true','true'),(1023,11,1,1,1,'true','true'),(1024,11,2,1,1,'true','true'),(1025,11,3,1,1,'true','true'),(1026,11,4,1,1,'true','true'),(1027,11,5,1,1,'true','true'),(1028,11,6,1,1,'true','true'),(1029,11,7,1,1,'true','true'),(1030,11,8,1,1,'true','true'),(1031,11,9,1,1,'true','true'),(1032,11,10,1,1,'true','true'),(1033,11,11,1,1,'true','true'),(1034,11,12,1,1,'true','true'),(1035,11,13,1,1,'true','true'),(1036,11,14,1,1,'true','true'),(1037,11,15,1,1,'true','true'),(1038,11,16,1,1,'true','true'),(1039,11,17,1,1,'true','true'),(1040,11,18,1,1,'true','true'),(1041,11,19,1,1,'true','true'),(1042,12,0,1,1,'true','true'),(1043,12,1,1,1,'true','true'),(1044,12,2,1,1,'true','true'),(1045,12,3,1,1,'true','true'),(1046,12,4,1,1,'true','true'),(1047,12,5,1,1,'true','true'),(1048,12,6,1,1,'true','true'),(1049,12,7,1,1,'true','true'),(1050,12,8,1,1,'true','true'),(1051,12,9,1,1,'true','true'),(1052,12,10,1,1,'true','true'),(1053,12,11,1,1,'true','true'),(1054,12,12,1,1,'true','true'),(1055,12,13,1,1,'true','true'),(1056,12,14,1,1,'true','true'),(1057,12,15,1,1,'true','true'),(1058,12,16,1,1,'true','true'),(1059,12,17,1,1,'true','true'),(1060,12,18,1,1,'true','true'),(1061,12,19,1,1,'true','true'),(1062,13,0,1,1,'true','true'),(1063,13,1,1,1,'true','true'),(1064,13,2,1,1,'true','true'),(1065,13,3,1,1,'true','true'),(1066,13,4,1,1,'true','true'),(1067,13,5,1,1,'true','true'),(1068,13,6,1,1,'true','true'),(1069,13,7,1,1,'true','true'),(1070,13,8,1,1,'true','true'),(1071,13,9,1,1,'true','true'),(1072,13,10,1,1,'true','true'),(1073,13,11,1,1,'true','true'),(1074,13,12,1,1,'true','true'),(1075,13,13,1,1,'true','true'),(1076,13,14,1,1,'true','true'),(1077,13,15,1,1,'true','true'),(1078,13,16,1,1,'true','true'),(1079,13,17,1,1,'true','true'),(1080,13,18,1,1,'true','true'),(1081,13,19,1,1,'true','true'),(1082,14,0,1,1,'true','true'),(1083,14,1,1,1,'true','true'),(1084,14,2,1,1,'true','true'),(1085,14,3,1,1,'true','true'),(1086,14,4,1,1,'true','true'),(1087,14,5,1,1,'true','true'),(1088,14,6,1,1,'true','true'),(1089,14,7,1,1,'true','true'),(1090,14,8,1,1,'true','true'),(1091,14,9,1,1,'true','true'),(1092,14,10,1,1,'true','true'),(1093,14,11,1,1,'true','true'),(1094,14,12,1,1,'true','true'),(1095,14,13,1,1,'true','true'),(1096,14,14,1,1,'true','true'),(1097,14,15,1,1,'true','true'),(1098,14,16,1,1,'true','true'),(1099,14,17,1,1,'true','true'),(1100,14,18,1,1,'true','true'),(1101,14,19,1,1,'true','true'),(1102,15,0,1,1,'true','true'),(1103,15,1,1,1,'true','true'),(1104,15,2,1,1,'true','true'),(1105,15,3,1,1,'true','true'),(1106,15,4,1,1,'true','true'),(1107,15,5,1,1,'true','true'),(1108,15,6,1,1,'true','true'),(1109,15,7,1,1,'true','true'),(1110,15,8,1,1,'true','true'),(1111,15,9,1,1,'true','true'),(1112,15,10,1,1,'true','true'),(1113,15,11,1,1,'true','true'),(1114,15,12,1,1,'true','true'),(1115,15,13,1,1,'true','true'),(1116,15,14,1,1,'true','true'),(1117,15,15,1,1,'true','true'),(1118,15,16,1,1,'true','true'),(1119,15,17,1,1,'true','true'),(1120,15,18,1,1,'true','true'),(1121,15,19,1,1,'true','true'),(1122,16,0,1,1,'true','true'),(1123,16,1,1,1,'true','true'),(1124,16,2,1,1,'true','true'),(1125,16,3,1,1,'true','true'),(1126,16,4,1,1,'true','true'),(1127,16,5,1,1,'true','true'),(1128,16,6,1,1,'true','true'),(1129,16,7,1,1,'true','true'),(1130,16,8,1,1,'true','true'),(1131,16,9,1,1,'true','true'),(1132,16,10,1,1,'true','true'),(1133,16,11,1,1,'true','true'),(1134,16,12,1,1,'true','true'),(1135,16,13,1,1,'true','true'),(1136,16,14,1,1,'true','true'),(1137,16,15,1,1,'true','true'),(1138,16,16,1,1,'true','true'),(1139,16,17,1,1,'true','true'),(1140,16,18,1,1,'true','true'),(1141,16,19,1,1,'true','true'),(1142,17,0,1,1,'true','true'),(1143,17,1,1,1,'true','true'),(1144,17,2,1,1,'true','true'),(1145,17,3,1,1,'true','true'),(1146,17,4,1,1,'true','true'),(1147,17,5,1,1,'true','true'),(1148,17,6,1,1,'true','true'),(1149,17,7,1,1,'true','true'),(1150,17,8,1,1,'true','true'),(1151,17,9,1,1,'true','true'),(1152,17,10,1,1,'true','true'),(1153,17,11,1,1,'true','true'),(1154,17,12,1,1,'true','true'),(1155,17,13,1,1,'true','true'),(1156,17,14,1,1,'true','true'),(1157,17,15,1,1,'true','true'),(1158,17,16,1,1,'true','true'),(1159,17,17,1,1,'true','true'),(1160,17,18,1,1,'true','true'),(1161,17,19,1,1,'true','true'),(1162,18,0,1,1,'true','true'),(1163,18,1,1,1,'true','true'),(1164,18,2,1,1,'true','true'),(1165,18,3,1,1,'true','true'),(1166,18,4,1,1,'true','true'),(1167,18,5,1,1,'true','true'),(1168,18,6,1,1,'true','true'),(1169,18,7,1,1,'true','true'),(1170,18,8,1,1,'true','true'),(1171,18,9,1,1,'true','true'),(1172,18,10,1,1,'true','true'),(1173,18,11,1,1,'true','true'),(1174,18,12,1,1,'true','true'),(1175,18,13,1,1,'true','true'),(1176,18,14,1,1,'true','true'),(1177,18,15,1,1,'true','true'),(1178,18,16,1,1,'true','true'),(1179,18,17,1,1,'true','true'),(1180,18,18,1,1,'true','true'),(1181,18,19,1,1,'true','true'),(1182,19,0,1,1,'true','true'),(1183,19,1,1,1,'true','true'),(1184,19,2,1,1,'true','true'),(1185,19,3,1,1,'true','true'),(1186,19,4,1,1,'true','true'),(1187,19,5,1,1,'true','true'),(1188,19,6,1,1,'true','true'),(1189,19,7,1,1,'true','true'),(1190,19,8,1,1,'true','true'),(1191,19,9,1,1,'true','true'),(1192,19,10,1,1,'true','true'),(1193,19,11,1,1,'true','true'),(1194,19,12,1,1,'true','true'),(1195,19,13,1,1,'true','true'),(1196,19,14,1,1,'true','true'),(1197,19,15,1,1,'true','true'),(1198,19,16,1,1,'true','true'),(1199,19,17,1,1,'true','true'),(1200,19,18,1,1,'true','true'),(1201,19,19,1,1,'true','true'),(1202,20,0,1,1,'true','true'),(1203,20,1,1,1,'true','true'),(1204,20,2,1,1,'true','true'),(1205,20,3,1,1,'true','true'),(1206,20,4,1,1,'true','true'),(1207,20,5,1,1,'true','true'),(1208,20,6,1,1,'true','true'),(1209,20,7,1,1,'true','true'),(1210,20,8,1,1,'true','true'),(1211,20,9,1,1,'true','true'),(1212,20,10,1,1,'true','true'),(1213,20,11,1,1,'true','true'),(1214,20,12,1,1,'true','true'),(1215,20,13,1,1,'true','true'),(1216,20,14,1,1,'true','true'),(1217,20,15,1,1,'true','true'),(1218,20,16,1,1,'true','true'),(1219,20,17,1,1,'true','true'),(1220,20,18,1,1,'true','true'),(1221,20,19,1,1,'true','true'),(1222,21,0,1,1,'true','true'),(1223,21,1,1,1,'true','true'),(1224,21,2,1,1,'true','true'),(1225,21,3,1,1,'true','true'),(1226,21,4,1,1,'true','true'),(1227,21,5,1,1,'true','true'),(1228,21,6,1,1,'true','true'),(1229,21,7,1,1,'true','true'),(1230,21,8,1,1,'true','true'),(1231,21,9,1,1,'true','true'),(1232,21,10,1,1,'true','true'),(1233,21,11,1,1,'true','true'),(1234,21,12,1,1,'true','true'),(1235,21,13,1,1,'true','true'),(1236,21,14,1,1,'true','true'),(1237,21,15,1,1,'true','true'),(1238,21,16,1,1,'true','true'),(1239,21,17,1,1,'true','true'),(1240,21,18,1,1,'true','true'),(1241,21,19,1,1,'true','true'),(1242,22,0,1,1,'true','true'),(1243,22,1,1,1,'true','true'),(1244,22,2,1,1,'true','true'),(1245,22,3,1,1,'true','true'),(1246,22,4,1,1,'true','true'),(1247,22,5,1,1,'true','true'),(1248,22,6,1,1,'true','true'),(1249,22,7,1,1,'true','true'),(1250,22,8,1,1,'true','true'),(1251,22,9,1,1,'true','true'),(1252,22,10,1,1,'true','true'),(1253,22,11,1,1,'true','true'),(1254,22,12,1,1,'true','true'),(1255,22,13,1,1,'true','true'),(1256,22,14,1,1,'true','true'),(1257,22,15,1,1,'true','true'),(1258,22,16,1,1,'true','true'),(1259,22,17,1,1,'true','true'),(1260,22,18,1,1,'true','true'),(1261,22,19,1,1,'true','true'),(1262,23,0,1,1,'true','true'),(1263,23,1,1,1,'true','true'),(1264,23,2,1,1,'true','true'),(1265,23,3,1,1,'true','true'),(1266,23,4,1,1,'true','true'),(1267,23,5,1,1,'true','true'),(1268,23,6,1,1,'true','true'),(1269,23,7,1,1,'true','true'),(1270,23,8,1,1,'true','true'),(1271,23,9,1,1,'true','true'),(1272,23,10,1,1,'true','true'),(1273,23,11,1,1,'true','true'),(1274,23,12,1,1,'true','true'),(1275,23,13,1,1,'true','true'),(1276,23,14,1,1,'true','true'),(1277,23,15,1,1,'true','true'),(1278,23,16,1,1,'true','true'),(1279,23,17,1,1,'true','true'),(1280,23,18,1,1,'true','true'),(1281,23,19,1,1,'true','true'),(1282,24,0,1,1,'true','true'),(1283,24,1,1,1,'true','true'),(1284,24,2,1,1,'true','true'),(1285,24,3,1,1,'true','true'),(1286,24,4,1,1,'true','true'),(1287,24,5,1,1,'true','true'),(1288,24,6,1,1,'true','true'),(1289,24,7,1,1,'true','true'),(1290,24,8,1,1,'true','true'),(1291,24,9,1,1,'true','true'),(1292,24,10,1,1,'true','true'),(1293,24,11,1,1,'true','true'),(1294,24,12,1,1,'true','true'),(1295,24,13,1,1,'true','true'),(1296,24,14,1,1,'true','true'),(1297,24,15,1,1,'true','true'),(1298,24,16,1,1,'true','true'),(1299,24,17,1,1,'true','true'),(1300,24,18,1,1,'true','true'),(1301,24,19,1,1,'true','true'),(1302,25,0,1,1,'true','true'),(1303,25,1,1,1,'true','true'),(1304,25,2,1,1,'true','true'),(1305,25,3,1,1,'true','true'),(1306,25,4,1,1,'true','true'),(1307,25,5,1,1,'true','true'),(1308,25,6,1,1,'true','true'),(1309,25,7,1,1,'true','true'),(1310,25,8,1,1,'true','true'),(1311,25,9,1,1,'true','true'),(1312,25,10,1,1,'true','true'),(1313,25,11,1,1,'true','true'),(1314,25,12,1,1,'true','true'),(1315,25,13,1,1,'true','true'),(1316,25,14,1,1,'true','true'),(1317,25,15,1,1,'true','true'),(1318,25,16,1,1,'true','true'),(1319,25,17,1,1,'true','true'),(1320,25,18,1,1,'true','true'),(1321,25,19,1,1,'true','true'),(1322,26,0,1,1,'true','true'),(1323,26,1,1,1,'true','true'),(1324,26,2,1,1,'true','true'),(1325,26,3,1,1,'true','true'),(1326,26,4,1,1,'true','true'),(1327,26,5,1,1,'true','true'),(1328,26,6,1,1,'true','true'),(1329,26,7,1,1,'true','true'),(1330,26,8,1,1,'true','true'),(1331,26,9,1,1,'true','true'),(1332,26,10,1,1,'true','true'),(1333,26,11,1,1,'true','true'),(1334,26,12,1,1,'true','true'),(1335,26,13,1,1,'true','true'),(1336,26,14,1,1,'true','true'),(1337,26,15,1,1,'true','true'),(1338,26,16,1,1,'true','true'),(1339,26,17,1,1,'true','true'),(1340,26,18,1,1,'true','true'),(1341,26,19,1,1,'true','true'),(1342,27,0,1,1,'true','true'),(1343,27,1,1,1,'true','true'),(1344,27,2,1,1,'true','true'),(1345,27,3,1,1,'true','true'),(1346,27,4,1,1,'true','true'),(1347,27,5,1,1,'true','true'),(1348,27,6,1,1,'true','true'),(1349,27,7,1,1,'true','true'),(1350,27,8,1,1,'true','true'),(1351,27,9,1,1,'true','true'),(1352,27,10,1,1,'true','true'),(1353,27,11,1,1,'true','true'),(1354,27,12,1,1,'true','true'),(1355,27,13,1,1,'true','true'),(1356,27,14,1,1,'true','true'),(1357,27,15,1,1,'true','true'),(1358,27,16,1,1,'true','true'),(1359,27,17,1,1,'true','true'),(1360,27,18,1,1,'true','true'),(1361,27,19,1,1,'true','true'),(1362,28,0,1,1,'true','true'),(1363,28,1,1,1,'true','true'),(1364,28,2,1,1,'true','true'),(1365,28,3,1,1,'true','true'),(1366,28,4,1,1,'true','true'),(1367,28,5,1,1,'true','true'),(1368,28,6,1,1,'true','true'),(1369,28,7,1,1,'true','true'),(1370,28,8,1,1,'true','true'),(1371,28,9,1,1,'true','true'),(1372,28,10,1,1,'true','true'),(1373,28,11,1,1,'true','true'),(1374,28,12,1,1,'true','true'),(1375,28,13,1,1,'true','true'),(1376,28,14,1,1,'true','true'),(1377,28,15,1,1,'true','true'),(1378,28,16,1,1,'true','true'),(1379,28,17,1,1,'true','true'),(1380,28,18,1,1,'true','true'),(1381,28,19,1,1,'true','true'),(1382,29,0,1,1,'true','true'),(1383,29,1,1,1,'true','true'),(1384,29,2,1,1,'true','true'),(1385,29,3,1,1,'true','true'),(1386,29,4,1,1,'true','true'),(1387,29,5,1,1,'true','true'),(1388,29,6,1,1,'true','true'),(1389,29,7,1,1,'true','true'),(1390,29,8,1,1,'true','true'),(1391,29,9,1,1,'true','true'),(1392,29,10,1,1,'true','true'),(1393,29,11,1,1,'true','true'),(1394,29,12,1,1,'true','true'),(1395,29,13,1,1,'true','true'),(1396,29,14,1,1,'true','true'),(1397,29,15,1,1,'true','true'),(1398,29,16,1,1,'true','true'),(1399,29,17,1,1,'true','true'),(1400,29,18,1,1,'true','true'),(1401,29,19,1,1,'true','true'),(1402,30,0,1,1,'true','true'),(1403,30,1,1,1,'true','true'),(1404,30,2,1,1,'true','true'),(1405,30,3,1,1,'true','true'),(1406,30,4,1,1,'true','true'),(1407,30,5,1,1,'true','true'),(1408,30,6,1,1,'true','true'),(1409,30,7,1,1,'true','true'),(1410,30,8,1,1,'true','true'),(1411,30,9,1,1,'true','true'),(1412,30,10,1,1,'true','true'),(1413,30,11,1,1,'true','true'),(1414,30,12,1,1,'true','true'),(1415,30,13,1,1,'true','true'),(1416,30,14,1,1,'true','true'),(1417,30,15,1,1,'true','true'),(1418,30,16,1,1,'true','true'),(1419,30,17,1,1,'true','true'),(1420,30,18,1,1,'true','true'),(1421,30,19,1,1,'true','true'),(1422,31,0,1,1,'true','true'),(1423,31,1,1,1,'true','true'),(1424,31,2,1,1,'true','true'),(1425,31,3,1,1,'true','true'),(1426,31,4,1,1,'true','true'),(1427,31,5,1,1,'true','true'),(1428,31,6,1,1,'true','true'),(1429,31,7,1,1,'true','true'),(1430,31,8,1,1,'true','true'),(1431,31,9,1,1,'true','true'),(1432,31,10,1,1,'true','true'),(1433,31,11,1,1,'true','true'),(1434,31,12,1,1,'true','true'),(1435,31,13,1,1,'true','true'),(1436,31,14,1,1,'true','true'),(1437,31,15,1,1,'true','true'),(1438,31,16,1,1,'true','true'),(1439,31,17,1,1,'true','true'),(1440,31,18,1,1,'true','true'),(1441,31,19,1,1,'true','true'),(1442,32,0,1,1,'true','true'),(1443,32,1,1,1,'true','true'),(1444,32,2,1,1,'true','true'),(1445,32,3,1,1,'true','true'),(1446,32,4,1,1,'true','true'),(1447,32,5,1,1,'true','true'),(1448,32,6,1,1,'true','true'),(1449,32,7,1,1,'true','true'),(1450,32,8,1,1,'true','true'),(1451,32,9,1,1,'true','true'),(1452,32,10,1,1,'true','true'),(1453,32,11,1,1,'true','true'),(1454,32,12,1,1,'true','true'),(1455,32,13,1,1,'true','true'),(1456,32,14,1,1,'true','true'),(1457,32,15,1,1,'true','true'),(1458,32,16,1,1,'true','true'),(1459,32,17,1,1,'true','true'),(1460,32,18,1,1,'true','true'),(1461,32,19,1,1,'true','true'),(1462,33,0,1,1,'true','true'),(1463,33,1,1,1,'true','true'),(1464,33,2,1,1,'true','true'),(1465,33,3,1,1,'true','true'),(1466,33,4,1,1,'true','true'),(1467,33,5,1,1,'true','true'),(1468,33,6,1,1,'true','true'),(1469,33,7,1,1,'true','true'),(1470,33,8,1,1,'true','true'),(1471,33,9,1,1,'true','true'),(1472,33,10,1,1,'true','true'),(1473,33,11,1,1,'true','true'),(1474,33,12,1,1,'true','true'),(1475,33,13,1,1,'true','true'),(1476,33,14,1,1,'true','true'),(1477,33,15,1,1,'true','true'),(1478,33,16,1,1,'true','true'),(1479,33,17,1,1,'true','true'),(1480,33,18,1,1,'true','true'),(1481,33,19,1,1,'true','true'),(1482,34,0,1,1,'true','true'),(1483,34,1,1,1,'true','true'),(1484,34,2,1,1,'true','true'),(1485,34,3,1,1,'true','true'),(1486,34,4,1,1,'true','true'),(1487,34,5,1,1,'true','true'),(1488,34,6,1,1,'true','true'),(1489,34,7,1,1,'true','true'),(1490,34,8,1,1,'true','true'),(1491,34,9,1,1,'true','true'),(1492,34,10,1,1,'true','true'),(1493,34,11,1,1,'true','true'),(1494,34,12,1,1,'true','true'),(1495,34,13,1,1,'true','true'),(1496,34,14,1,1,'true','true'),(1497,34,15,1,1,'true','true'),(1498,34,16,1,1,'true','true'),(1499,34,17,1,1,'true','true'),(1500,34,18,1,1,'true','true'),(1501,34,19,1,1,'true','true'),(1502,35,0,1,1,'true','true'),(1503,35,1,1,1,'true','true'),(1504,35,2,1,1,'true','true'),(1505,35,3,1,1,'true','true'),(1506,35,4,1,1,'true','true'),(1507,35,5,1,1,'true','true'),(1508,35,6,1,1,'true','true'),(1509,35,7,1,1,'true','true'),(1510,35,8,1,1,'true','true'),(1511,35,9,1,1,'true','true'),(1512,35,10,1,1,'true','true'),(1513,35,11,1,1,'true','true'),(1514,35,12,1,1,'true','true'),(1515,35,13,1,1,'true','true'),(1516,35,14,1,1,'true','true'),(1517,35,15,1,1,'true','true'),(1518,35,16,1,1,'true','true'),(1519,35,17,1,1,'true','true'),(1520,35,18,1,1,'true','true'),(1521,35,19,1,1,'true','true'),(1522,36,0,1,1,'true','true'),(1523,36,1,1,1,'true','true'),(1524,36,2,1,1,'true','true'),(1525,36,3,1,1,'true','true'),(1526,36,4,1,1,'true','true'),(1527,36,5,1,1,'true','true'),(1528,36,6,1,1,'true','true'),(1529,36,7,1,1,'true','true'),(1530,36,8,1,1,'true','true'),(1531,36,9,1,1,'true','true'),(1532,36,10,1,1,'true','true'),(1533,36,11,1,1,'true','true'),(1534,36,12,1,1,'true','true'),(1535,36,13,1,1,'true','true'),(1536,36,14,1,1,'true','true'),(1537,36,15,1,1,'true','true'),(1538,36,16,1,1,'true','true'),(1539,36,17,1,1,'true','true'),(1540,36,18,1,1,'true','true'),(1541,36,19,1,1,'true','true'),(1542,37,0,1,1,'true','true'),(1543,37,1,1,1,'true','true'),(1544,37,2,1,1,'true','true'),(1545,37,3,1,1,'true','true'),(1546,37,4,1,1,'true','true'),(1547,37,5,1,1,'true','true'),(1548,37,6,1,1,'true','true'),(1549,37,7,1,1,'true','true'),(1550,37,8,1,1,'true','true'),(1551,37,9,1,1,'true','true'),(1552,37,10,1,1,'true','true'),(1553,37,11,1,1,'true','true'),(1554,37,12,1,1,'true','true'),(1555,37,13,1,1,'true','true'),(1556,37,14,1,1,'true','true'),(1557,37,15,1,1,'true','true'),(1558,37,16,1,1,'true','true'),(1559,37,17,1,1,'true','true'),(1560,37,18,1,1,'true','true'),(1561,37,19,1,1,'true','true'),(1562,38,0,1,1,'true','true'),(1563,38,1,1,1,'true','true'),(1564,38,2,1,1,'true','true'),(1565,38,3,1,1,'true','true'),(1566,38,4,1,1,'true','true'),(1567,38,5,1,1,'true','true'),(1568,38,6,1,1,'true','true'),(1569,38,7,1,1,'true','true'),(1570,38,8,1,1,'true','true'),(1571,38,9,1,1,'true','true'),(1572,38,10,1,1,'true','true'),(1573,38,11,1,1,'true','true'),(1574,38,12,1,1,'true','true'),(1575,38,13,1,1,'true','true'),(1576,38,14,1,1,'true','true'),(1577,38,15,1,1,'true','true'),(1578,38,16,1,1,'true','true'),(1579,38,17,1,1,'true','true'),(1580,38,18,1,1,'true','true'),(1581,38,19,1,1,'true','true'),(1582,39,0,1,1,'true','true'),(1583,39,1,1,1,'true','true'),(1584,39,2,1,1,'true','true'),(1585,39,3,1,1,'true','true'),(1586,39,4,1,1,'true','true'),(1587,39,5,1,1,'true','true'),(1588,39,6,1,1,'true','true'),(1589,39,7,1,1,'true','true'),(1590,39,8,1,1,'true','true'),(1591,39,9,2,1,'true','true'),(1592,39,10,2,1,'true','true'),(1593,39,11,2,1,'true','true'),(1594,39,12,1,1,'true','true'),(1595,39,13,1,1,'true','true'),(1596,39,14,1,1,'true','true'),(1597,39,15,1,1,'true','true'),(1598,39,16,1,1,'true','true'),(1599,39,17,1,1,'true','true'),(1600,39,18,1,1,'true','true'),(1601,39,19,1,1,'true','true'),(1602,0,0,1,2,'true','true'),(1603,0,1,1,2,'true','true'),(1604,0,2,1,2,'true','true'),(1605,0,3,1,2,'true','true'),(1606,0,4,1,2,'true','true'),(1607,0,5,1,2,'true','true'),(1608,0,6,1,2,'true','true'),(1609,0,7,1,2,'true','true'),(1610,0,8,1,2,'true','true'),(1611,0,9,2,2,'true','true'),(1612,0,10,2,2,'true','true'),(1613,0,11,2,2,'true','true'),(1614,0,12,1,2,'true','true'),(1615,0,13,1,2,'true','true'),(1616,0,14,1,2,'true','true'),(1617,0,15,1,2,'true','true'),(1618,0,16,1,2,'true','true'),(1619,0,17,1,2,'true','true'),(1620,0,18,1,2,'true','true'),(1621,0,19,1,2,'true','true'),(1622,1,0,1,2,'true','true'),(1623,1,1,1,2,'true','true'),(1624,1,2,1,2,'true','true'),(1625,1,3,1,2,'true','true'),(1626,1,4,1,2,'true','true'),(1627,1,5,1,2,'true','true'),(1628,1,6,1,2,'true','true'),(1629,1,7,1,2,'true','true'),(1630,1,8,1,2,'true','true'),(1631,1,9,2,2,'true','true'),(1632,1,10,2,2,'true','true'),(1633,1,11,2,2,'true','true'),(1634,1,12,1,2,'true','true'),(1635,1,13,1,2,'true','true'),(1636,1,14,1,2,'true','true'),(1637,1,15,1,2,'true','true'),(1638,1,16,1,2,'true','true'),(1639,1,17,1,2,'true','true'),(1640,1,18,1,2,'true','true'),(1641,1,19,1,2,'true','true'),(1642,2,0,1,2,'true','true'),(1643,2,1,1,2,'true','true'),(1644,2,2,1,2,'true','true'),(1645,2,3,1,2,'true','true'),(1646,2,4,1,2,'true','true'),(1647,2,5,1,2,'true','true'),(1648,2,6,1,2,'true','true'),(1649,2,7,1,2,'true','true'),(1650,2,8,1,2,'true','true'),(1651,2,9,2,2,'true','true'),(1652,2,10,2,2,'true','true'),(1653,2,11,2,2,'true','true'),(1654,2,12,1,2,'true','true'),(1655,2,13,1,2,'true','true'),(1656,2,14,1,2,'true','true'),(1657,2,15,1,2,'true','true'),(1658,2,16,1,2,'true','true'),(1659,2,17,1,2,'true','true'),(1660,2,18,1,2,'true','true'),(1661,2,19,1,2,'true','true'),(1662,3,0,1,2,'true','true'),(1663,3,1,1,2,'true','true'),(1664,3,2,1,2,'true','true'),(1665,3,3,1,2,'true','true'),(1666,3,4,1,2,'true','true'),(1667,3,5,1,2,'true','true'),(1668,3,6,1,2,'true','true'),(1669,3,7,1,2,'true','true'),(1670,3,8,1,2,'true','true'),(1671,3,9,2,2,'true','true'),(1672,3,10,2,2,'true','true'),(1673,3,11,2,2,'true','true'),(1674,3,12,1,2,'true','true'),(1675,3,13,1,2,'true','true'),(1676,3,14,1,2,'true','true'),(1677,3,15,1,2,'true','true'),(1678,3,16,1,2,'true','true'),(1679,3,17,1,2,'true','true'),(1680,3,18,1,2,'true','true'),(1681,3,19,1,2,'true','true'),(1682,4,0,1,2,'true','true'),(1683,4,1,1,2,'true','true'),(1684,4,2,1,2,'true','true'),(1685,4,3,1,2,'true','true'),(1686,4,4,1,2,'true','true'),(1687,4,5,1,2,'true','true'),(1688,4,6,1,2,'true','true'),(1689,4,7,1,2,'true','true'),(1690,4,8,1,2,'true','true'),(1691,4,9,2,2,'true','true'),(1692,4,10,2,2,'true','true'),(1693,4,11,2,2,'true','true'),(1694,4,12,1,2,'true','true'),(1695,4,13,1,2,'true','true'),(1696,4,14,1,2,'true','true'),(1697,4,15,1,2,'true','true'),(1698,4,16,1,2,'true','true'),(1699,4,17,1,2,'true','true'),(1700,4,18,1,2,'true','true'),(1701,4,19,1,2,'true','true'),(1702,5,0,1,2,'true','true'),(1703,5,1,1,2,'true','true'),(1704,5,2,1,2,'true','true'),(1705,5,3,1,2,'true','true'),(1706,5,4,1,2,'true','true'),(1707,5,5,1,2,'true','true'),(1708,5,6,1,2,'true','true'),(1709,5,7,1,2,'true','true'),(1710,5,8,1,2,'true','true'),(1711,5,9,2,2,'true','true'),(1712,5,10,2,2,'true','true'),(1713,5,11,2,2,'true','true'),(1714,5,12,1,2,'true','true'),(1715,5,13,1,2,'true','true'),(1716,5,14,1,2,'true','true'),(1717,5,15,1,2,'true','true'),(1718,5,16,1,2,'true','true'),(1719,5,17,1,2,'true','true'),(1720,5,18,1,2,'true','true'),(1721,5,19,1,2,'true','true'),(1722,6,0,1,2,'true','true'),(1723,6,1,1,2,'true','true'),(1724,6,2,1,2,'true','true'),(1725,6,3,1,2,'true','true'),(1726,6,4,1,2,'true','true'),(1727,6,5,1,2,'true','true'),(1728,6,6,1,2,'true','true'),(1729,6,7,1,2,'true','true'),(1730,6,8,1,2,'true','true'),(1731,6,9,2,2,'true','true'),(1732,6,10,2,2,'true','true'),(1733,6,11,2,2,'true','true'),(1734,6,12,1,2,'true','true'),(1735,6,13,1,2,'true','true'),(1736,6,14,1,2,'true','true'),(1737,6,15,1,2,'true','true'),(1738,6,16,1,2,'true','true'),(1739,6,17,1,2,'true','true'),(1740,6,18,1,2,'true','true'),(1741,6,19,1,2,'true','true'),(1742,7,0,1,2,'true','true'),(1743,7,1,1,2,'true','true'),(1744,7,2,1,2,'true','true'),(1745,7,3,1,2,'true','true'),(1746,7,4,1,2,'true','true'),(1747,7,5,1,2,'true','true'),(1748,7,6,1,2,'true','true'),(1749,7,7,1,2,'true','true'),(1750,7,8,1,2,'true','true'),(1751,7,9,2,2,'true','true'),(1752,7,10,2,2,'true','true'),(1753,7,11,2,2,'true','true'),(1754,7,12,1,2,'true','true'),(1755,7,13,1,2,'true','true'),(1756,7,14,1,2,'true','true'),(1757,7,15,1,2,'true','true'),(1758,7,16,1,2,'true','true'),(1759,7,17,1,2,'true','true'),(1760,7,18,1,2,'true','true'),(1761,7,19,1,2,'true','true'),(1762,8,0,1,2,'true','true'),(1763,8,1,1,2,'true','true'),(1764,8,2,1,2,'true','true'),(1765,8,3,1,2,'true','true'),(1766,8,4,1,2,'true','true'),(1767,8,5,1,2,'true','true'),(1768,8,6,1,2,'true','true'),(1769,8,7,1,2,'true','true'),(1770,8,8,1,2,'true','true'),(1771,8,9,2,2,'true','true'),(1772,8,10,2,2,'true','true'),(1773,8,11,2,2,'true','true'),(1774,8,12,1,2,'true','true'),(1775,8,13,1,2,'true','true'),(1776,8,14,1,2,'true','true'),(1777,8,15,1,2,'true','true'),(1778,8,16,1,2,'true','true'),(1779,8,17,1,2,'true','true'),(1780,8,18,1,2,'true','true'),(1781,8,19,1,2,'true','true'),(1782,9,0,1,2,'true','true'),(1783,9,1,1,2,'true','true'),(1784,9,2,1,2,'true','true'),(1785,9,3,1,2,'true','true'),(1786,9,4,1,2,'true','true'),(1787,9,5,1,2,'true','true'),(1788,9,6,1,2,'true','true'),(1789,9,7,1,2,'true','true'),(1790,9,8,1,2,'true','true'),(1791,9,9,2,2,'true','true'),(1792,9,10,2,2,'true','true'),(1793,9,11,2,2,'true','true'),(1794,9,12,1,2,'true','true'),(1795,9,13,1,2,'true','true'),(1796,9,14,1,2,'true','true'),(1797,9,15,1,2,'true','true'),(1798,9,16,1,2,'true','true'),(1799,9,17,1,2,'true','true'),(1800,9,18,1,2,'true','true'),(1801,9,19,1,2,'true','true'),(1802,10,0,1,2,'true','true'),(1803,10,1,1,2,'true','true'),(1804,10,2,1,2,'true','true'),(1805,10,3,1,2,'true','true'),(1806,10,4,1,2,'true','true'),(1807,10,5,1,2,'true','true'),(1808,10,6,1,2,'true','true'),(1809,10,7,1,2,'true','true'),(1810,10,8,1,2,'true','true'),(1811,10,9,2,2,'true','true'),(1812,10,10,2,2,'true','true'),(1813,10,11,2,2,'true','true'),(1814,10,12,1,2,'true','true'),(1815,10,13,1,2,'true','true'),(1816,10,14,1,2,'true','true'),(1817,10,15,1,2,'true','true'),(1818,10,16,1,2,'true','true'),(1819,10,17,1,2,'true','true'),(1820,10,18,1,2,'true','true'),(1821,10,19,1,2,'true','true'),(1822,11,0,1,2,'true','true'),(1823,11,1,1,2,'true','true'),(1824,11,2,1,2,'true','true'),(1825,11,3,1,2,'true','true'),(1826,11,4,1,2,'true','true'),(1827,11,5,1,2,'true','true'),(1828,11,6,1,2,'true','true'),(1829,11,7,1,2,'true','true'),(1830,11,8,1,2,'true','true'),(1831,11,9,2,2,'true','true'),(1832,11,10,2,2,'true','true'),(1833,11,11,2,2,'true','true'),(1834,11,12,1,2,'true','true'),(1835,11,13,1,2,'true','true'),(1836,11,14,1,2,'true','true'),(1837,11,15,1,2,'true','true'),(1838,11,16,1,2,'true','true'),(1839,11,17,1,2,'true','true'),(1840,11,18,1,2,'true','true'),(1841,11,19,1,2,'true','true'),(1842,12,0,1,2,'true','true'),(1843,12,1,1,2,'true','true'),(1844,12,2,1,2,'true','true'),(1845,12,3,1,2,'true','true'),(1846,12,4,1,2,'true','true'),(1847,12,5,1,2,'true','true'),(1848,12,6,1,2,'true','true'),(1849,12,7,1,2,'true','true'),(1850,12,8,1,2,'true','true'),(1851,12,9,2,2,'true','true'),(1852,12,10,2,2,'true','true'),(1853,12,11,2,2,'true','true'),(1854,12,12,1,2,'true','true'),(1855,12,13,1,2,'true','true'),(1856,12,14,1,2,'true','true'),(1857,12,15,1,2,'true','true'),(1858,12,16,1,2,'true','true'),(1859,12,17,1,2,'true','true'),(1860,12,18,1,2,'true','true'),(1861,12,19,1,2,'true','true'),(1862,13,0,1,2,'true','true'),(1863,13,1,1,2,'true','true'),(1864,13,2,1,2,'true','true'),(1865,13,3,1,2,'true','true'),(1866,13,4,1,2,'true','true'),(1867,13,5,1,2,'true','true'),(1868,13,6,1,2,'true','true'),(1869,13,7,1,2,'true','true'),(1870,13,8,1,2,'true','true'),(1871,13,9,2,2,'true','true'),(1872,13,10,2,2,'true','true'),(1873,13,11,2,2,'true','true'),(1874,13,12,1,2,'true','true'),(1875,13,13,1,2,'true','true'),(1876,13,14,1,2,'true','true'),(1877,13,15,1,2,'true','true'),(1878,13,16,1,2,'true','true'),(1879,13,17,1,2,'true','true'),(1880,13,18,1,2,'true','true'),(1881,13,19,1,2,'true','true'),(1882,14,0,1,2,'true','true'),(1883,14,1,1,2,'true','true'),(1884,14,2,1,2,'true','true'),(1885,14,3,1,2,'true','true'),(1886,14,4,1,2,'true','true'),(1887,14,5,1,2,'true','true'),(1888,14,6,1,2,'true','true'),(1889,14,7,1,2,'true','true'),(1890,14,8,1,2,'true','true'),(1891,14,9,2,2,'true','true'),(1892,14,10,2,2,'true','true'),(1893,14,11,2,2,'true','true'),(1894,14,12,1,2,'true','true'),(1895,14,13,1,2,'true','true'),(1896,14,14,1,2,'true','true'),(1897,14,15,1,2,'true','true'),(1898,14,16,1,2,'true','true'),(1899,14,17,1,2,'true','true'),(1900,14,18,1,2,'true','true'),(1901,14,19,1,2,'true','true'),(1902,15,0,1,2,'true','true'),(1903,15,1,1,2,'true','true'),(1904,15,2,1,2,'true','true'),(1905,15,3,1,2,'true','true'),(1906,15,4,1,2,'true','true'),(1907,15,5,1,2,'true','true'),(1908,15,6,1,2,'true','true'),(1909,15,7,1,2,'true','true'),(1910,15,8,1,2,'true','true'),(1911,15,9,2,2,'true','true'),(1912,15,10,2,2,'true','true'),(1913,15,11,2,2,'true','true'),(1914,15,12,1,2,'true','true'),(1915,15,13,1,2,'true','true'),(1916,15,14,1,2,'true','true'),(1917,15,15,1,2,'true','true'),(1918,15,16,1,2,'true','true'),(1919,15,17,1,2,'true','true'),(1920,15,18,1,2,'true','true'),(1921,15,19,1,2,'true','true'),(1922,16,0,1,2,'true','true'),(1923,16,1,1,2,'true','true'),(1924,16,2,1,2,'true','true'),(1925,16,3,1,2,'true','true'),(1926,16,4,1,2,'true','true'),(1927,16,5,1,2,'true','true'),(1928,16,6,1,2,'true','true'),(1929,16,7,1,2,'true','true'),(1930,16,8,1,2,'true','true'),(1931,16,9,2,2,'true','true'),(1932,16,10,2,2,'true','true'),(1933,16,11,2,2,'true','true'),(1934,16,12,1,2,'true','true'),(1935,16,13,1,2,'true','true'),(1936,16,14,1,2,'true','true'),(1937,16,15,1,2,'true','true'),(1938,16,16,1,2,'true','true'),(1939,16,17,1,2,'true','true'),(1940,16,18,1,2,'true','true'),(1941,16,19,1,2,'true','true'),(1942,17,0,1,2,'true','true'),(1943,17,1,1,2,'true','true'),(1944,17,2,1,2,'true','true'),(1945,17,3,1,2,'true','true'),(1946,17,4,1,2,'true','true'),(1947,17,5,1,2,'true','true'),(1948,17,6,1,2,'true','true'),(1949,17,7,1,2,'true','true'),(1950,17,8,1,2,'true','true'),(1951,17,9,2,2,'true','true'),(1952,17,10,2,2,'true','true'),(1953,17,11,2,2,'true','true'),(1954,17,12,1,2,'true','true'),(1955,17,13,1,2,'true','true'),(1956,17,14,1,2,'true','true'),(1957,17,15,1,2,'true','true'),(1958,17,16,1,2,'true','true'),(1959,17,17,1,2,'true','true'),(1960,17,18,1,2,'true','true'),(1961,17,19,1,2,'true','true'),(1962,18,0,1,2,'true','true'),(1963,18,1,1,2,'true','true'),(1964,18,2,1,2,'true','true'),(1965,18,3,1,2,'true','true'),(1966,18,4,1,2,'true','true'),(1967,18,5,1,2,'true','true'),(1968,18,6,1,2,'true','true'),(1969,18,7,1,2,'true','true'),(1970,18,8,1,2,'true','true'),(1971,18,9,2,2,'true','true'),(1972,18,10,2,2,'true','true'),(1973,18,11,2,2,'true','true'),(1974,18,12,1,2,'true','true'),(1975,18,13,1,2,'true','true'),(1976,18,14,1,2,'true','true'),(1977,18,15,1,2,'true','true'),(1978,18,16,1,2,'true','true'),(1979,18,17,1,2,'true','true'),(1980,18,18,1,2,'true','true'),(1981,18,19,1,2,'true','true'),(1982,19,0,1,2,'true','true'),(1983,19,1,1,2,'true','true'),(1984,19,2,1,2,'true','true'),(1985,19,3,1,2,'true','true'),(1986,19,4,1,2,'true','true'),(1987,19,5,1,2,'true','true'),(1988,19,6,1,2,'true','true'),(1989,19,7,1,2,'true','true'),(1990,19,8,1,2,'true','true'),(1991,19,9,2,2,'true','true'),(1992,19,10,2,2,'true','true'),(1993,19,11,2,2,'true','true'),(1994,19,12,1,2,'true','true'),(1995,19,13,1,2,'true','true'),(1996,19,14,1,2,'true','true'),(1997,19,15,1,2,'true','true'),(1998,19,16,1,2,'true','true'),(1999,19,17,1,2,'true','true'),(2000,19,18,1,2,'true','true'),(2001,19,19,1,2,'true','true'),(2002,20,0,1,2,'true','true'),(2003,20,1,1,2,'true','true'),(2004,20,2,1,2,'true','true'),(2005,20,3,1,2,'true','true'),(2006,20,4,1,2,'true','true'),(2007,20,5,1,2,'true','true'),(2008,20,6,1,2,'true','true'),(2009,20,7,1,2,'true','true'),(2010,20,8,1,2,'true','true'),(2011,20,9,2,2,'true','true'),(2012,20,10,2,2,'true','true'),(2013,20,11,2,2,'true','true'),(2014,20,12,1,2,'true','true'),(2015,20,13,1,2,'true','true'),(2016,20,14,1,2,'true','true'),(2017,20,15,1,2,'true','true'),(2018,20,16,1,2,'true','true'),(2019,20,17,1,2,'true','true'),(2020,20,18,1,2,'true','true'),(2021,20,19,1,2,'true','true'),(2022,21,0,1,2,'true','true'),(2023,21,1,1,2,'true','true'),(2024,21,2,1,2,'true','true'),(2025,21,3,1,2,'true','true'),(2026,21,4,1,2,'true','true'),(2027,21,5,1,2,'true','true'),(2028,21,6,1,2,'true','true'),(2029,21,7,1,2,'true','true'),(2030,21,8,1,2,'true','true'),(2031,21,9,2,2,'true','true'),(2032,21,10,2,2,'true','true'),(2033,21,11,2,2,'true','true'),(2034,21,12,1,2,'true','true'),(2035,21,13,1,2,'true','true'),(2036,21,14,1,2,'true','true'),(2037,21,15,1,2,'true','true'),(2038,21,16,1,2,'true','true'),(2039,21,17,1,2,'true','true'),(2040,21,18,1,2,'true','true'),(2041,21,19,1,2,'true','true'),(2042,22,0,1,2,'true','true'),(2043,22,1,1,2,'true','true'),(2044,22,2,1,2,'true','true'),(2045,22,3,1,2,'true','true'),(2046,22,4,1,2,'true','true'),(2047,22,5,1,2,'true','true'),(2048,22,6,1,2,'true','true'),(2049,22,7,1,2,'true','true'),(2050,22,8,1,2,'true','true'),(2051,22,9,2,2,'true','true'),(2052,22,10,2,2,'true','true'),(2053,22,11,2,2,'true','true'),(2054,22,12,1,2,'true','true'),(2055,22,13,1,2,'true','true'),(2056,22,14,1,2,'true','true'),(2057,22,15,1,2,'true','true'),(2058,22,16,1,2,'true','true'),(2059,22,17,1,2,'true','true'),(2060,22,18,1,2,'true','true'),(2061,22,19,1,2,'true','true'),(2062,23,0,1,2,'true','true'),(2063,23,1,1,2,'true','true'),(2064,23,2,1,2,'true','true'),(2065,23,3,1,2,'true','true'),(2066,23,4,1,2,'true','true'),(2067,23,5,1,2,'true','true'),(2068,23,6,1,2,'true','true'),(2069,23,7,1,2,'true','true'),(2070,23,8,1,2,'true','true'),(2071,23,9,2,2,'true','true'),(2072,23,10,2,2,'true','true'),(2073,23,11,2,2,'true','true'),(2074,23,12,1,2,'true','true'),(2075,23,13,1,2,'true','true'),(2076,23,14,1,2,'true','true'),(2077,23,15,1,2,'true','true'),(2078,23,16,1,2,'true','true'),(2079,23,17,1,2,'true','true'),(2080,23,18,1,2,'true','true'),(2081,23,19,1,2,'true','true'),(2082,24,0,1,2,'true','true'),(2083,24,1,1,2,'true','true'),(2084,24,2,1,2,'true','true'),(2085,24,3,1,2,'true','true'),(2086,24,4,1,2,'true','true'),(2087,24,5,1,2,'true','true'),(2088,24,6,1,2,'true','true'),(2089,24,7,1,2,'true','true'),(2090,24,8,1,2,'true','true'),(2091,24,9,2,2,'true','true'),(2092,24,10,2,2,'true','true'),(2093,24,11,2,2,'true','true'),(2094,24,12,1,2,'true','true'),(2095,24,13,1,2,'true','true'),(2096,24,14,1,2,'true','true'),(2097,24,15,1,2,'true','true'),(2098,24,16,1,2,'true','true'),(2099,24,17,1,2,'true','true'),(2100,24,18,1,2,'true','true'),(2101,24,19,1,2,'true','true'),(2102,25,0,1,2,'true','true'),(2103,25,1,1,2,'true','true'),(2104,25,2,1,2,'true','true'),(2105,25,3,1,2,'true','true'),(2106,25,4,1,2,'true','true'),(2107,25,5,1,2,'true','true'),(2108,25,6,1,2,'true','true'),(2109,25,7,1,2,'true','true'),(2110,25,8,1,2,'true','true'),(2111,25,9,2,2,'true','true'),(2112,25,10,2,2,'true','true'),(2113,25,11,2,2,'true','true'),(2114,25,12,1,2,'true','true'),(2115,25,13,1,2,'true','true'),(2116,25,14,1,2,'true','true'),(2117,25,15,1,2,'true','true'),(2118,25,16,1,2,'true','true'),(2119,25,17,1,2,'true','true'),(2120,25,18,1,2,'true','true'),(2121,25,19,1,2,'true','true'),(2122,26,0,1,2,'true','true'),(2123,26,1,1,2,'true','true'),(2124,26,2,1,2,'true','true'),(2125,26,3,1,2,'true','true'),(2126,26,4,1,2,'true','true'),(2127,26,5,1,2,'true','true'),(2128,26,6,1,2,'true','true'),(2129,26,7,1,2,'true','true'),(2130,26,8,1,2,'true','true'),(2131,26,9,2,2,'true','true'),(2132,26,10,2,2,'true','true'),(2133,26,11,2,2,'true','true'),(2134,26,12,1,2,'true','true'),(2135,26,13,1,2,'true','true'),(2136,26,14,1,2,'true','true'),(2137,26,15,1,2,'true','true'),(2138,26,16,1,2,'true','true'),(2139,26,17,1,2,'true','true'),(2140,26,18,1,2,'true','true'),(2141,26,19,1,2,'true','true'),(2142,27,0,1,2,'true','true'),(2143,27,1,1,2,'true','true'),(2144,27,2,1,2,'true','true'),(2145,27,3,1,2,'true','true'),(2146,27,4,1,2,'true','true'),(2147,27,5,1,2,'true','true'),(2148,27,6,1,2,'true','true'),(2149,27,7,1,2,'true','true'),(2150,27,8,1,2,'true','true'),(2151,27,9,2,2,'true','true'),(2152,27,10,2,2,'true','true'),(2153,27,11,2,2,'true','true'),(2154,27,12,1,2,'true','true'),(2155,27,13,1,2,'true','true'),(2156,27,14,1,2,'true','true'),(2157,27,15,1,2,'true','true'),(2158,27,16,1,2,'true','true'),(2159,27,17,1,2,'true','true'),(2160,27,18,1,2,'true','true'),(2161,27,19,1,2,'true','true'),(2162,28,0,1,2,'true','true'),(2163,28,1,1,2,'true','true'),(2164,28,2,1,2,'true','true'),(2165,28,3,1,2,'true','true'),(2166,28,4,1,2,'true','true'),(2167,28,5,1,2,'true','true'),(2168,28,6,1,2,'true','true'),(2169,28,7,1,2,'true','true'),(2170,28,8,1,2,'true','true'),(2171,28,9,2,2,'true','true'),(2172,28,10,2,2,'true','true'),(2173,28,11,2,2,'true','true'),(2174,28,12,1,2,'true','true'),(2175,28,13,1,2,'true','true'),(2176,28,14,1,2,'true','true'),(2177,28,15,1,2,'true','true'),(2178,28,16,1,2,'true','true'),(2179,28,17,1,2,'true','true'),(2180,28,18,1,2,'true','true'),(2181,28,19,1,2,'true','true'),(2182,29,0,1,2,'true','true'),(2183,29,1,1,2,'true','true'),(2184,29,2,1,2,'true','true'),(2185,29,3,1,2,'true','true'),(2186,29,4,1,2,'true','true'),(2187,29,5,1,2,'true','true'),(2188,29,6,1,2,'true','true'),(2189,29,7,1,2,'true','true'),(2190,29,8,1,2,'true','true'),(2191,29,9,2,2,'true','true'),(2192,29,10,2,2,'true','true'),(2193,29,11,2,2,'true','true'),(2194,29,12,1,2,'true','true'),(2195,29,13,1,2,'true','true'),(2196,29,14,1,2,'true','true'),(2197,29,15,1,2,'true','true'),(2198,29,16,1,2,'true','true'),(2199,29,17,1,2,'true','true'),(2200,29,18,1,2,'true','true'),(2201,29,19,1,2,'true','true'),(2202,30,0,1,2,'true','true'),(2203,30,1,1,2,'true','true'),(2204,30,2,1,2,'true','true'),(2205,30,3,1,2,'true','true'),(2206,30,4,1,2,'true','true'),(2207,30,5,1,2,'true','true'),(2208,30,6,1,2,'true','true'),(2209,30,7,1,2,'true','true'),(2210,30,8,1,2,'true','true'),(2211,30,9,2,2,'true','true'),(2212,30,10,2,2,'true','true'),(2213,30,11,2,2,'true','true'),(2214,30,12,1,2,'true','true'),(2215,30,13,1,2,'true','true'),(2216,30,14,1,2,'true','true'),(2217,30,15,1,2,'true','true'),(2218,30,16,1,2,'true','true'),(2219,30,17,1,2,'true','true'),(2220,30,18,1,2,'true','true'),(2221,30,19,1,2,'true','true'),(2222,31,0,1,2,'true','true'),(2223,31,1,1,2,'true','true'),(2224,31,2,1,2,'true','true'),(2225,31,3,1,2,'true','true'),(2226,31,4,1,2,'true','true'),(2227,31,5,1,2,'true','true'),(2228,31,6,1,2,'true','true'),(2229,31,7,1,2,'true','true'),(2230,31,8,1,2,'true','true'),(2231,31,9,2,2,'true','true'),(2232,31,10,2,2,'true','true'),(2233,31,11,2,2,'true','true'),(2234,31,12,1,2,'true','true'),(2235,31,13,1,2,'true','true'),(2236,31,14,1,2,'true','true'),(2237,31,15,1,2,'true','true'),(2238,31,16,1,2,'true','true'),(2239,31,17,1,2,'true','true'),(2240,31,18,1,2,'true','true'),(2241,31,19,1,2,'true','true'),(2242,32,0,1,2,'true','true'),(2243,32,1,1,2,'true','true'),(2244,32,2,1,2,'true','true'),(2245,32,3,1,2,'true','true'),(2246,32,4,1,2,'true','true'),(2247,32,5,1,2,'true','true'),(2248,32,6,1,2,'true','true'),(2249,32,7,1,2,'true','true'),(2250,32,8,1,2,'true','true'),(2251,32,9,2,2,'true','true'),(2252,32,10,2,2,'true','true'),(2253,32,11,2,2,'true','true'),(2254,32,12,1,2,'true','true'),(2255,32,13,1,2,'true','true'),(2256,32,14,1,2,'true','true'),(2257,32,15,1,2,'true','true'),(2258,32,16,1,2,'true','true'),(2259,32,17,1,2,'true','true'),(2260,32,18,1,2,'true','true'),(2261,32,19,1,2,'true','true'),(2262,33,0,1,2,'true','true'),(2263,33,1,1,2,'true','true'),(2264,33,2,1,2,'true','true'),(2265,33,3,1,2,'true','true'),(2266,33,4,1,2,'true','true'),(2267,33,5,1,2,'true','true'),(2268,33,6,1,2,'true','true'),(2269,33,7,1,2,'true','true'),(2270,33,8,1,2,'true','true'),(2271,33,9,2,2,'true','true'),(2272,33,10,2,2,'true','true'),(2273,33,11,2,2,'true','true'),(2274,33,12,1,2,'true','true'),(2275,33,13,1,2,'true','true'),(2276,33,14,1,2,'true','true'),(2277,33,15,1,2,'true','true'),(2278,33,16,1,2,'true','true'),(2279,33,17,1,2,'true','true'),(2280,33,18,1,2,'true','true'),(2281,33,19,1,2,'true','true'),(2282,34,0,1,2,'true','true'),(2283,34,1,1,2,'true','true'),(2284,34,2,1,2,'true','true'),(2285,34,3,1,2,'true','true'),(2286,34,4,1,2,'true','true'),(2287,34,5,1,2,'true','true'),(2288,34,6,1,2,'true','true'),(2289,34,7,1,2,'true','true'),(2290,34,8,1,2,'true','true'),(2291,34,9,2,2,'true','true'),(2292,34,10,2,2,'true','true'),(2293,34,11,2,2,'true','true'),(2294,34,12,1,2,'true','true'),(2295,34,13,1,2,'true','true'),(2296,34,14,1,2,'true','true'),(2297,34,15,1,2,'true','true'),(2298,34,16,1,2,'true','true'),(2299,34,17,1,2,'true','true'),(2300,34,18,1,2,'true','true'),(2301,34,19,1,2,'true','true'),(2302,35,0,1,2,'true','true'),(2303,35,1,1,2,'true','true'),(2304,35,2,1,2,'true','true'),(2305,35,3,1,2,'true','true'),(2306,35,4,1,2,'true','true'),(2307,35,5,1,2,'true','true'),(2308,35,6,1,2,'true','true'),(2309,35,7,1,2,'true','true'),(2310,35,8,1,2,'true','true'),(2311,35,9,2,2,'true','true'),(2312,35,10,2,2,'true','true'),(2313,35,11,2,2,'true','true'),(2314,35,12,1,2,'true','true'),(2315,35,13,1,2,'true','true'),(2316,35,14,1,2,'true','true'),(2317,35,15,1,2,'true','true'),(2318,35,16,1,2,'true','true'),(2319,35,17,1,2,'true','true'),(2320,35,18,1,2,'true','true'),(2321,35,19,1,2,'true','true'),(2322,36,0,1,2,'true','true'),(2323,36,1,1,2,'true','true'),(2324,36,2,1,2,'true','true'),(2325,36,3,1,2,'true','true'),(2326,36,4,1,2,'true','true'),(2327,36,5,1,2,'true','true'),(2328,36,6,1,2,'true','true'),(2329,36,7,1,2,'true','true'),(2330,36,8,1,2,'true','true'),(2331,36,9,2,2,'true','true'),(2332,36,10,2,2,'true','true'),(2333,36,11,2,2,'true','true'),(2334,36,12,1,2,'true','true'),(2335,36,13,1,2,'true','true'),(2336,36,14,1,2,'true','true'),(2337,36,15,1,2,'true','true'),(2338,36,16,1,2,'true','true'),(2339,36,17,1,2,'true','true'),(2340,36,18,1,2,'true','true'),(2341,36,19,1,2,'true','true'),(2342,37,0,1,2,'true','true'),(2343,37,1,1,2,'true','true'),(2344,37,2,1,2,'true','true'),(2345,37,3,1,2,'true','true'),(2346,37,4,1,2,'true','true'),(2347,37,5,1,2,'true','true'),(2348,37,6,1,2,'true','true'),(2349,37,7,1,2,'true','true'),(2350,37,8,1,2,'true','true'),(2351,37,9,2,2,'true','true'),(2352,37,10,2,2,'true','true'),(2353,37,11,2,2,'true','true'),(2354,37,12,1,2,'true','true'),(2355,37,13,1,2,'true','true'),(2356,37,14,1,2,'true','true'),(2357,37,15,1,2,'true','true'),(2358,37,16,1,2,'true','true'),(2359,37,17,1,2,'true','true'),(2360,37,18,1,2,'true','true'),(2361,37,19,1,2,'true','true'),(2362,38,0,1,2,'true','true'),(2363,38,1,1,2,'true','true'),(2364,38,2,1,2,'true','true'),(2365,38,3,1,2,'true','true'),(2366,38,4,1,2,'true','true'),(2367,38,5,1,2,'true','true'),(2368,38,6,1,2,'true','true'),(2369,38,7,1,2,'true','true'),(2370,38,8,1,2,'true','true'),(2371,38,9,2,2,'true','true'),(2372,38,10,2,2,'true','true'),(2373,38,11,2,2,'true','true'),(2374,38,12,1,2,'true','true'),(2375,38,13,1,2,'true','true'),(2376,38,14,1,2,'true','true'),(2377,38,15,1,2,'true','true'),(2378,38,16,1,2,'true','true'),(2379,38,17,1,2,'true','true'),(2380,38,18,1,2,'true','true'),(2381,38,19,1,2,'true','true'),(2382,39,0,1,2,'true','true'),(2383,39,1,1,2,'true','true'),(2384,39,2,1,2,'true','true'),(2385,39,3,1,2,'true','true'),(2386,39,4,1,2,'true','true'),(2387,39,5,1,2,'true','true'),(2388,39,6,1,2,'true','true'),(2389,39,7,1,2,'true','true'),(2390,39,8,1,2,'true','true'),(2391,39,9,2,2,'true','true'),(2392,39,10,2,2,'true','true'),(2393,39,11,2,2,'true','true'),(2394,39,12,1,2,'true','true'),(2395,39,13,1,2,'true','true'),(2396,39,14,1,2,'true','true'),(2397,39,15,1,2,'true','true'),(2398,39,16,1,2,'true','true'),(2399,39,17,1,2,'true','true'),(2400,39,18,1,2,'true','true'),(2401,39,19,1,2,'true','true'),(2402,10,10,3,1,'false','false'),(2429,2,0,6,2,'false','false'),(2431,4,0,6,2,'false','false'),(2433,6,0,6,2,'false','false'),(2435,8,0,6,2,'false','false'),(2437,10,0,6,2,'false','false'),(2439,12,0,6,2,'false','false'),(2441,14,0,6,2,'false','false'),(2443,16,0,6,2,'false','false'),(2445,18,0,6,2,'false','false'),(2447,20,0,6,2,'false','false'),(2449,22,0,6,2,'false','false'),(2451,24,0,6,2,'false','false'),(2453,26,0,6,2,'false','false'),(2455,28,0,6,2,'false','false'),(2457,30,0,6,2,'false','false'),(2459,32,0,6,2,'false','false'),(2461,34,0,6,2,'false','false'),(2463,36,0,6,2,'false','false'),(2465,38,0,6,2,'false','false'),(2477,0,17,6,2,'false','false'),(2479,2,17,6,2,'false','false'),(2481,4,17,6,2,'false','false'),(2483,6,17,6,2,'false','false'),(2485,8,17,6,2,'false','false'),(2487,10,17,6,2,'false','false'),(2489,12,17,6,2,'false','false'),(2491,14,17,6,2,'false','false'),(2493,16,17,6,2,'false','false'),(2495,18,17,6,2,'false','false'),(2497,20,17,6,2,'false','false'),(2499,22,17,6,2,'false','false'),(2501,24,17,6,2,'false','false'),(2503,26,17,6,2,'false','false'),(2505,28,17,6,2,'false','false'),(2507,30,17,6,2,'false','false'),(2509,32,17,6,2,'false','false'),(2510,34,17,6,2,'false','false'),(2512,36,17,6,2,'false','false'),(2514,38,17,6,2,'false','false'),(2518,0,0,6,2,'false','false'),(2519,24,1,8,2,'false','false'),(2520,14,1,9,2,'false','false'),(2521,0,0,1,3,'true','true'),(2522,0,1,1,3,'true','true'),(2523,0,2,1,3,'true','true'),(2524,0,3,1,3,'true','true'),(2525,0,4,1,3,'true','true'),(2526,0,5,1,3,'true','true'),(2527,0,6,1,3,'true','true'),(2528,0,7,1,3,'true','true'),(2529,0,8,1,3,'true','true'),(2530,0,9,1,3,'true','true'),(2531,0,10,1,3,'true','true'),(2532,0,11,1,3,'true','true'),(2533,0,12,1,3,'true','true'),(2534,0,13,1,3,'true','true'),(2535,0,14,1,3,'true','true'),(2536,0,15,1,3,'true','true'),(2537,0,16,1,3,'true','true'),(2538,0,17,1,3,'true','true'),(2539,0,18,1,3,'true','true'),(2540,0,19,1,3,'true','true'),(2541,0,20,1,3,'true','true'),(2542,0,21,1,3,'true','true'),(2543,0,22,1,3,'true','true'),(2544,0,23,1,3,'true','true'),(2545,0,24,1,3,'true','true'),(2546,0,25,1,3,'true','true'),(2547,0,26,1,3,'true','true'),(2548,0,27,1,3,'true','true'),(2549,0,28,1,3,'true','true'),(2550,0,29,1,3,'true','true'),(2551,1,0,1,3,'true','true'),(2552,1,1,1,3,'true','true'),(2553,1,2,1,3,'true','true'),(2554,1,3,1,3,'true','true'),(2555,1,4,1,3,'true','true'),(2556,1,5,1,3,'true','true'),(2557,1,6,1,3,'true','true'),(2558,1,7,1,3,'true','true'),(2559,1,8,1,3,'true','true'),(2560,1,9,1,3,'true','true'),(2561,1,10,1,3,'true','true'),(2562,1,11,1,3,'true','true'),(2563,1,12,1,3,'true','true'),(2564,1,13,1,3,'true','true'),(2565,1,14,1,3,'true','true'),(2566,1,15,1,3,'true','true'),(2567,1,16,1,3,'true','true'),(2568,1,17,1,3,'true','true'),(2569,1,18,1,3,'true','true'),(2570,1,19,1,3,'true','true'),(2571,1,20,1,3,'true','true'),(2572,1,21,1,3,'true','true'),(2573,1,22,1,3,'true','true'),(2574,1,23,1,3,'true','true'),(2575,1,24,1,3,'true','true'),(2576,1,25,1,3,'true','true'),(2577,1,26,1,3,'true','true'),(2578,1,27,1,3,'true','true'),(2579,1,28,1,3,'true','true'),(2580,1,29,1,3,'true','true'),(2581,2,0,1,3,'true','true'),(2582,2,1,1,3,'true','true'),(2583,2,2,1,3,'true','true'),(2584,2,3,1,3,'true','true'),(2585,2,4,1,3,'true','true'),(2586,2,5,1,3,'true','true'),(2587,2,6,1,3,'true','true'),(2588,2,7,1,3,'true','true'),(2589,2,8,1,3,'true','true'),(2590,2,9,1,3,'true','true'),(2591,2,10,1,3,'true','true'),(2592,2,11,1,3,'true','true'),(2593,2,12,1,3,'true','true'),(2594,2,13,1,3,'true','true'),(2595,2,14,1,3,'true','true'),(2596,2,15,1,3,'true','true'),(2597,2,16,1,3,'true','true'),(2598,2,17,1,3,'true','true'),(2599,2,18,1,3,'true','true'),(2600,2,19,1,3,'true','true'),(2601,2,20,1,3,'true','true'),(2602,2,21,1,3,'true','true'),(2603,2,22,1,3,'true','true'),(2604,2,23,1,3,'true','true'),(2605,2,24,1,3,'true','true'),(2606,2,25,1,3,'true','true'),(2607,2,26,1,3,'true','true'),(2608,2,27,1,3,'true','true'),(2609,2,28,1,3,'true','true'),(2610,2,29,1,3,'true','true'),(2611,3,0,1,3,'true','true'),(2612,3,1,1,3,'true','true'),(2613,3,2,1,3,'true','true'),(2614,3,3,1,3,'true','true'),(2615,3,4,1,3,'true','true'),(2616,3,5,1,3,'true','true'),(2617,3,6,1,3,'true','true'),(2618,3,7,1,3,'true','true'),(2619,3,8,1,3,'true','true'),(2620,3,9,1,3,'true','true'),(2621,3,10,1,3,'true','true'),(2622,3,11,1,3,'true','true'),(2623,3,12,1,3,'true','true'),(2624,3,13,1,3,'true','true'),(2625,3,14,1,3,'true','true'),(2626,3,15,1,3,'true','true'),(2627,3,16,1,3,'true','true'),(2628,3,17,1,3,'true','true'),(2629,3,18,1,3,'true','true'),(2630,3,19,1,3,'true','true'),(2631,3,20,1,3,'true','true'),(2632,3,21,1,3,'true','true'),(2633,3,22,1,3,'true','true'),(2634,3,23,1,3,'true','true'),(2635,3,24,1,3,'true','true'),(2636,3,25,1,3,'true','true'),(2637,3,26,1,3,'true','true'),(2638,3,27,1,3,'true','true'),(2639,3,28,1,3,'true','true'),(2640,3,29,1,3,'true','true'),(2641,4,0,1,3,'true','true'),(2642,4,1,1,3,'true','true'),(2643,4,2,1,3,'true','true'),(2644,4,3,1,3,'true','true'),(2645,4,4,1,3,'true','true'),(2646,4,5,1,3,'true','true'),(2647,4,6,1,3,'true','true'),(2648,4,7,1,3,'true','true'),(2649,4,8,1,3,'true','true'),(2650,4,9,1,3,'true','true'),(2651,4,10,1,3,'true','true'),(2652,4,11,1,3,'true','true'),(2653,4,12,1,3,'true','true'),(2654,4,13,1,3,'true','true'),(2655,4,14,1,3,'true','true'),(2656,4,15,1,3,'true','true'),(2657,4,16,1,3,'true','true'),(2658,4,17,1,3,'true','true'),(2659,4,18,1,3,'true','true'),(2660,4,19,1,3,'true','true'),(2661,4,20,1,3,'true','true'),(2662,4,21,1,3,'true','true'),(2663,4,22,1,3,'true','true'),(2664,4,23,1,3,'true','true'),(2665,4,24,1,3,'true','true'),(2666,4,25,1,3,'true','true'),(2667,4,26,1,3,'true','true'),(2668,4,27,1,3,'true','true'),(2669,4,28,1,3,'true','true'),(2670,4,29,1,3,'true','true'),(2671,5,0,1,3,'true','true'),(2672,5,1,1,3,'true','true'),(2673,5,2,1,3,'true','true'),(2674,5,3,1,3,'true','true'),(2675,5,4,1,3,'true','true'),(2676,5,5,1,3,'true','true'),(2677,5,6,1,3,'true','true'),(2678,5,7,1,3,'true','true'),(2679,5,8,1,3,'true','true'),(2680,5,9,1,3,'true','true'),(2681,5,10,1,3,'true','true'),(2682,5,11,1,3,'true','true'),(2683,5,12,1,3,'true','true'),(2684,5,13,1,3,'true','true'),(2685,5,14,1,3,'true','true'),(2686,5,15,1,3,'true','true'),(2687,5,16,1,3,'true','true'),(2688,5,17,1,3,'true','true'),(2689,5,18,1,3,'true','true'),(2690,5,19,1,3,'true','true'),(2691,5,20,1,3,'true','true'),(2692,5,21,1,3,'true','true'),(2693,5,22,1,3,'true','true'),(2694,5,23,1,3,'true','true'),(2695,5,24,1,3,'true','true'),(2696,5,25,1,3,'true','true'),(2697,5,26,1,3,'true','true'),(2698,5,27,1,3,'true','true'),(2699,5,28,1,3,'true','true'),(2700,5,29,1,3,'true','true'),(2701,6,0,1,3,'true','true'),(2702,6,1,1,3,'true','true'),(2703,6,2,1,3,'true','true'),(2704,6,3,1,3,'true','true'),(2705,6,4,1,3,'true','true'),(2706,6,5,1,3,'true','true'),(2707,6,6,1,3,'true','true'),(2708,6,7,1,3,'true','true'),(2709,6,8,1,3,'true','true'),(2710,6,9,1,3,'true','true'),(2711,6,10,1,3,'true','true'),(2712,6,11,1,3,'true','true'),(2713,6,12,1,3,'true','true'),(2714,6,13,1,3,'true','true'),(2715,6,14,1,3,'true','true'),(2716,6,15,1,3,'true','true'),(2717,6,16,1,3,'true','true'),(2718,6,17,1,3,'true','true'),(2719,6,18,1,3,'true','true'),(2720,6,19,1,3,'true','true'),(2721,6,20,1,3,'true','true'),(2722,6,21,1,3,'true','true'),(2723,6,22,1,3,'true','true'),(2724,6,23,1,3,'true','true'),(2725,6,24,1,3,'true','true'),(2726,6,25,1,3,'true','true'),(2727,6,26,1,3,'true','true'),(2728,6,27,1,3,'true','true'),(2729,6,28,1,3,'true','true'),(2730,6,29,1,3,'true','true'),(2731,7,0,1,3,'true','true'),(2732,7,1,1,3,'true','true'),(2733,7,2,1,3,'true','true'),(2734,7,3,1,3,'true','true'),(2735,7,4,1,3,'true','true'),(2736,7,5,1,3,'true','true'),(2737,7,6,1,3,'true','true'),(2738,7,7,1,3,'true','true'),(2739,7,8,1,3,'true','true'),(2740,7,9,1,3,'true','true'),(2741,7,10,1,3,'true','true'),(2742,7,11,1,3,'true','true'),(2743,7,12,1,3,'true','true'),(2744,7,13,1,3,'true','true'),(2745,7,14,1,3,'true','true'),(2746,7,15,1,3,'true','true'),(2747,7,16,1,3,'true','true'),(2748,7,17,1,3,'true','true'),(2749,7,18,1,3,'true','true'),(2750,7,19,1,3,'true','true'),(2751,7,20,1,3,'true','true'),(2752,7,21,1,3,'true','true'),(2753,7,22,1,3,'true','true'),(2754,7,23,1,3,'true','true'),(2755,7,24,1,3,'true','true'),(2756,7,25,1,3,'true','true'),(2757,7,26,1,3,'true','true'),(2758,7,27,1,3,'true','true'),(2759,7,28,1,3,'true','true'),(2760,7,29,1,3,'true','true'),(2761,8,0,1,3,'true','true'),(2762,8,1,1,3,'true','true'),(2763,8,2,1,3,'true','true'),(2764,8,3,1,3,'true','true'),(2765,8,4,1,3,'true','true'),(2766,8,5,1,3,'true','true'),(2767,8,6,1,3,'true','true'),(2768,8,7,1,3,'true','true'),(2769,8,8,1,3,'true','true'),(2770,8,9,1,3,'true','true'),(2771,8,10,1,3,'true','true'),(2772,8,11,1,3,'true','true'),(2773,8,12,1,3,'true','true'),(2774,8,13,1,3,'true','true'),(2775,8,14,1,3,'true','true'),(2776,8,15,1,3,'true','true'),(2777,8,16,1,3,'true','true'),(2778,8,17,1,3,'true','true'),(2779,8,18,1,3,'true','true'),(2780,8,19,1,3,'true','true'),(2781,8,20,1,3,'true','true'),(2782,8,21,1,3,'true','true'),(2783,8,22,1,3,'true','true'),(2784,8,23,1,3,'true','true'),(2785,8,24,1,3,'true','true'),(2786,8,25,1,3,'true','true'),(2787,8,26,1,3,'true','true'),(2788,8,27,1,3,'true','true'),(2789,8,28,1,3,'true','true'),(2790,8,29,1,3,'true','true'),(2791,9,0,1,3,'true','true'),(2792,9,1,1,3,'true','true'),(2793,9,2,1,3,'true','true'),(2794,9,3,1,3,'true','true'),(2795,9,4,1,3,'true','true'),(2796,9,5,1,3,'true','true'),(2797,9,6,1,3,'true','true'),(2798,9,7,1,3,'true','true'),(2799,9,8,1,3,'true','true'),(2800,9,9,1,3,'true','true'),(2801,9,10,1,3,'true','true'),(2802,9,11,1,3,'true','true'),(2803,9,12,1,3,'true','true'),(2804,9,13,1,3,'true','true'),(2805,9,14,1,3,'true','true'),(2806,9,15,1,3,'true','true'),(2807,9,16,1,3,'true','true'),(2808,9,17,1,3,'true','true'),(2809,9,18,1,3,'true','true'),(2810,9,19,1,3,'true','true'),(2811,9,20,1,3,'true','true'),(2812,9,21,1,3,'true','true'),(2813,9,22,1,3,'true','true'),(2814,9,23,1,3,'true','true'),(2815,9,24,1,3,'true','true'),(2816,9,25,1,3,'true','true'),(2817,9,26,1,3,'true','true'),(2818,9,27,1,3,'true','true'),(2819,9,28,1,3,'true','true'),(2820,9,29,1,3,'true','true'),(2821,10,0,1,3,'true','true'),(2822,10,1,1,3,'true','true'),(2823,10,2,1,3,'true','true'),(2824,10,3,1,3,'true','true'),(2825,10,4,1,3,'true','true'),(2826,10,5,1,3,'true','true'),(2827,10,6,1,3,'true','true'),(2828,10,7,1,3,'true','true'),(2829,10,8,1,3,'true','true'),(2830,10,9,1,3,'true','true'),(2831,10,10,1,3,'true','true'),(2832,10,11,1,3,'true','true'),(2833,10,12,1,3,'true','true'),(2834,10,13,1,3,'true','true'),(2835,10,14,1,3,'true','true'),(2836,10,15,1,3,'true','true'),(2837,10,16,1,3,'true','true'),(2838,10,17,1,3,'true','true'),(2839,10,18,1,3,'true','true'),(2840,10,19,1,3,'true','true'),(2841,10,20,1,3,'true','true'),(2842,10,21,1,3,'true','true'),(2843,10,22,1,3,'true','true'),(2844,10,23,1,3,'true','true'),(2845,10,24,1,3,'true','true'),(2846,10,25,1,3,'true','true'),(2847,10,26,1,3,'true','true'),(2848,10,27,1,3,'true','true'),(2849,10,28,1,3,'true','true'),(2850,10,29,1,3,'true','true'),(2851,11,0,1,3,'true','true'),(2852,11,1,1,3,'true','true'),(2853,11,2,1,3,'true','true'),(2854,11,3,1,3,'true','true'),(2855,11,4,1,3,'true','true'),(2856,11,5,1,3,'true','true'),(2857,11,6,1,3,'true','true'),(2858,11,7,1,3,'true','true'),(2859,11,8,1,3,'true','true'),(2860,11,9,1,3,'true','true'),(2861,11,10,1,3,'true','true'),(2862,11,11,1,3,'true','true'),(2863,11,12,1,3,'true','true'),(2864,11,13,1,3,'true','true'),(2865,11,14,1,3,'true','true'),(2866,11,15,1,3,'true','true'),(2867,11,16,1,3,'true','true'),(2868,11,17,1,3,'true','true'),(2869,11,18,1,3,'true','true'),(2870,11,19,1,3,'true','true'),(2871,11,20,1,3,'true','true'),(2872,11,21,1,3,'true','true'),(2873,11,22,1,3,'true','true'),(2874,11,23,1,3,'true','true'),(2875,11,24,1,3,'true','true'),(2876,11,25,1,3,'true','true'),(2877,11,26,1,3,'true','true'),(2878,11,27,1,3,'true','true'),(2879,11,28,1,3,'true','true'),(2880,11,29,1,3,'true','true'),(2881,12,0,1,3,'true','true'),(2882,12,1,1,3,'true','true'),(2883,12,2,1,3,'true','true'),(2884,12,3,1,3,'true','true'),(2885,12,4,1,3,'true','true'),(2886,12,5,1,3,'true','true'),(2887,12,6,1,3,'true','true'),(2888,12,7,1,3,'true','true'),(2889,12,8,1,3,'true','true'),(2890,12,9,1,3,'true','true'),(2891,12,10,1,3,'true','true'),(2892,12,11,1,3,'true','true'),(2893,12,12,1,3,'true','true'),(2894,12,13,1,3,'true','true'),(2895,12,14,1,3,'true','true'),(2896,12,15,1,3,'true','true'),(2897,12,16,1,3,'true','true'),(2898,12,17,1,3,'true','true'),(2899,12,18,1,3,'true','true'),(2900,12,19,1,3,'true','true'),(2901,12,20,1,3,'true','true'),(2902,12,21,1,3,'true','true'),(2903,12,22,1,3,'true','true'),(2904,12,23,1,3,'true','true'),(2905,12,24,1,3,'true','true'),(2906,12,25,1,3,'true','true'),(2907,12,26,1,3,'true','true'),(2908,12,27,1,3,'true','true'),(2909,12,28,1,3,'true','true'),(2910,12,29,1,3,'true','true'),(2911,13,0,1,3,'true','true'),(2912,13,1,1,3,'true','true'),(2913,13,2,1,3,'true','true'),(2914,13,3,1,3,'true','true'),(2915,13,4,1,3,'true','true'),(2916,13,5,1,3,'true','true'),(2917,13,6,1,3,'true','true'),(2918,13,7,1,3,'true','true'),(2919,13,8,1,3,'true','true'),(2920,13,9,1,3,'true','true'),(2921,13,10,1,3,'true','true'),(2922,13,11,1,3,'true','true'),(2923,13,12,1,3,'true','true'),(2924,13,13,1,3,'true','true'),(2925,13,14,1,3,'true','true'),(2926,13,15,1,3,'true','true'),(2927,13,16,1,3,'true','true'),(2928,13,17,1,3,'true','true'),(2929,13,18,1,3,'true','true'),(2930,13,19,1,3,'true','true'),(2931,13,20,1,3,'true','true'),(2932,13,21,1,3,'true','true'),(2933,13,22,1,3,'true','true'),(2934,13,23,1,3,'true','true'),(2935,13,24,1,3,'true','true'),(2936,13,25,1,3,'true','true'),(2937,13,26,1,3,'true','true'),(2938,13,27,1,3,'true','true'),(2939,13,28,1,3,'true','true'),(2940,13,29,1,3,'true','true'),(2941,14,0,1,3,'true','true'),(2942,14,1,1,3,'true','true'),(2943,14,2,1,3,'true','true'),(2944,14,3,1,3,'true','true'),(2945,14,4,1,3,'true','true'),(2946,14,5,1,3,'true','true'),(2947,14,6,1,3,'true','true'),(2948,14,7,1,3,'true','true'),(2949,14,8,1,3,'true','true'),(2950,14,9,1,3,'true','true'),(2951,14,10,1,3,'true','true'),(2952,14,11,1,3,'true','true'),(2953,14,12,1,3,'true','true'),(2954,14,13,1,3,'true','true'),(2955,14,14,1,3,'true','true'),(2956,14,15,1,3,'true','true'),(2957,14,16,1,3,'true','true'),(2958,14,17,1,3,'true','true'),(2959,14,18,1,3,'true','true'),(2960,14,19,1,3,'true','true'),(2961,14,20,1,3,'true','true'),(2962,14,21,1,3,'true','true'),(2963,14,22,1,3,'true','true'),(2964,14,23,1,3,'true','true'),(2965,14,24,1,3,'true','true'),(2966,14,25,1,3,'true','true'),(2967,14,26,1,3,'true','true'),(2968,14,27,1,3,'true','true'),(2969,14,28,1,3,'true','true'),(2970,14,29,1,3,'true','true'),(2971,15,0,1,3,'true','true'),(2972,15,1,1,3,'true','true'),(2973,15,2,1,3,'true','true'),(2974,15,3,1,3,'true','true'),(2975,15,4,1,3,'true','true'),(2976,15,5,1,3,'true','true'),(2977,15,6,1,3,'true','true'),(2978,15,7,1,3,'true','true'),(2979,15,8,1,3,'true','true'),(2980,15,9,1,3,'true','true'),(2981,15,10,1,3,'true','true'),(2982,15,11,1,3,'true','true'),(2983,15,12,1,3,'true','true'),(2984,15,13,1,3,'true','true'),(2985,15,14,1,3,'true','true'),(2986,15,15,1,3,'true','true'),(2987,15,16,1,3,'true','true'),(2988,15,17,1,3,'true','true'),(2989,15,18,1,3,'true','true'),(2990,15,19,1,3,'true','true'),(2991,15,20,1,3,'true','true'),(2992,15,21,1,3,'true','true'),(2993,15,22,1,3,'true','true'),(2994,15,23,1,3,'true','true'),(2995,15,24,1,3,'true','true'),(2996,15,25,1,3,'true','true'),(2997,15,26,1,3,'true','true'),(2998,15,27,1,3,'true','true'),(2999,15,28,1,3,'true','true'),(3000,15,29,1,3,'true','true'),(3001,16,0,1,3,'true','true'),(3002,16,1,1,3,'true','true'),(3003,16,2,1,3,'true','true'),(3004,16,3,1,3,'true','true'),(3005,16,4,1,3,'true','true'),(3006,16,5,1,3,'true','true'),(3007,16,6,1,3,'true','true'),(3008,16,7,1,3,'true','true'),(3009,16,8,1,3,'true','true'),(3010,16,9,1,3,'true','true'),(3011,16,10,1,3,'true','true'),(3012,16,11,1,3,'true','true'),(3013,16,12,1,3,'true','true'),(3014,16,13,1,3,'true','true'),(3015,16,14,1,3,'true','true'),(3016,16,15,1,3,'true','true'),(3017,16,16,1,3,'true','true'),(3018,16,17,1,3,'true','true'),(3019,16,18,1,3,'true','true'),(3020,16,19,1,3,'true','true'),(3021,16,20,1,3,'true','true'),(3022,16,21,1,3,'true','true'),(3023,16,22,1,3,'true','true'),(3024,16,23,1,3,'true','true'),(3025,16,24,1,3,'true','true'),(3026,16,25,1,3,'true','true'),(3027,16,26,1,3,'true','true'),(3028,16,27,1,3,'true','true'),(3029,16,28,1,3,'true','true'),(3030,16,29,1,3,'true','true'),(3031,17,0,1,3,'true','true'),(3032,17,1,1,3,'true','true'),(3033,17,2,1,3,'true','true'),(3034,17,3,1,3,'true','true'),(3035,17,4,1,3,'true','true'),(3036,17,5,1,3,'true','true'),(3037,17,6,1,3,'true','true'),(3038,17,7,1,3,'true','true'),(3039,17,8,1,3,'true','true'),(3040,17,9,1,3,'true','true'),(3041,17,10,1,3,'true','true'),(3042,17,11,1,3,'true','true'),(3043,17,12,1,3,'true','true'),(3044,17,13,1,3,'true','true'),(3045,17,14,1,3,'true','true'),(3046,17,15,1,3,'true','true'),(3047,17,16,1,3,'true','true'),(3048,17,17,1,3,'true','true'),(3049,17,18,1,3,'true','true'),(3050,17,19,1,3,'true','true'),(3051,17,20,1,3,'true','true'),(3052,17,21,1,3,'true','true'),(3053,17,22,1,3,'true','true'),(3054,17,23,1,3,'true','true'),(3055,17,24,1,3,'true','true'),(3056,17,25,1,3,'true','true'),(3057,17,26,1,3,'true','true'),(3058,17,27,1,3,'true','true'),(3059,17,28,1,3,'true','true'),(3060,17,29,1,3,'true','true'),(3061,18,0,1,3,'true','true'),(3062,18,1,1,3,'true','true'),(3063,18,2,1,3,'true','true'),(3064,18,3,1,3,'true','true'),(3065,18,4,1,3,'true','true'),(3066,18,5,1,3,'true','true'),(3067,18,6,1,3,'true','true'),(3068,18,7,1,3,'true','true'),(3069,18,8,1,3,'true','true'),(3070,18,9,1,3,'true','true'),(3071,18,10,1,3,'true','true'),(3072,18,11,1,3,'true','true'),(3073,18,12,1,3,'true','true'),(3074,18,13,1,3,'true','true'),(3075,18,14,1,3,'true','true'),(3076,18,15,1,3,'true','true'),(3077,18,16,1,3,'true','true'),(3078,18,17,1,3,'true','true'),(3079,18,18,1,3,'true','true'),(3080,18,19,1,3,'true','true'),(3081,18,20,1,3,'true','true'),(3082,18,21,1,3,'true','true'),(3083,18,22,1,3,'true','true'),(3084,18,23,1,3,'true','true'),(3085,18,24,1,3,'true','true'),(3086,18,25,1,3,'true','true'),(3087,18,26,1,3,'true','true'),(3088,18,27,1,3,'true','true'),(3089,18,28,1,3,'true','true'),(3090,18,29,1,3,'true','true'),(3091,19,0,1,3,'true','true'),(3092,19,1,1,3,'true','true'),(3093,19,2,1,3,'true','true'),(3094,19,3,1,3,'true','true'),(3095,19,4,1,3,'true','true'),(3096,19,5,1,3,'true','true'),(3097,19,6,1,3,'true','true'),(3098,19,7,1,3,'true','true'),(3099,19,8,1,3,'true','true'),(3100,19,9,1,3,'true','true'),(3101,19,10,1,3,'true','true'),(3102,19,11,1,3,'true','true'),(3103,19,12,1,3,'true','true'),(3104,19,13,1,3,'true','true'),(3105,19,14,1,3,'true','true'),(3106,19,15,1,3,'true','true'),(3107,19,16,1,3,'true','true'),(3108,19,17,1,3,'true','true'),(3109,19,18,1,3,'true','true'),(3110,19,19,1,3,'true','true'),(3111,19,20,1,3,'true','true'),(3112,19,21,1,3,'true','true'),(3113,19,22,1,3,'true','true'),(3114,19,23,1,3,'true','true'),(3115,19,24,1,3,'true','true'),(3116,19,25,1,3,'true','true'),(3117,19,26,1,3,'true','true'),(3118,19,27,1,3,'true','true'),(3119,19,28,1,3,'true','true'),(3120,19,29,1,3,'true','true'),(3121,20,0,1,3,'true','true'),(3122,20,1,1,3,'true','true'),(3123,20,2,1,3,'true','true'),(3124,20,3,1,3,'true','true'),(3125,20,4,1,3,'true','true'),(3126,20,5,1,3,'true','true'),(3127,20,6,1,3,'true','true'),(3128,20,7,1,3,'true','true'),(3129,20,8,1,3,'true','true'),(3130,20,9,1,3,'true','true'),(3131,20,10,1,3,'true','true'),(3132,20,11,1,3,'true','true'),(3133,20,12,1,3,'true','true'),(3134,20,13,1,3,'true','true'),(3135,20,14,1,3,'true','true'),(3136,20,15,1,3,'true','true'),(3137,20,16,1,3,'true','true'),(3138,20,17,1,3,'true','true'),(3139,20,18,1,3,'true','true'),(3140,20,19,1,3,'true','true'),(3141,20,20,1,3,'true','true'),(3142,20,21,1,3,'true','true'),(3143,20,22,1,3,'true','true'),(3144,20,23,1,3,'true','true'),(3145,20,24,1,3,'true','true'),(3146,20,25,1,3,'true','true'),(3147,20,26,1,3,'true','true'),(3148,20,27,1,3,'true','true'),(3149,20,28,1,3,'true','true'),(3150,20,29,1,3,'true','true'),(3151,21,0,1,3,'true','true'),(3152,21,1,1,3,'true','true'),(3153,21,2,1,3,'true','true'),(3154,21,3,1,3,'true','true'),(3155,21,4,1,3,'true','true'),(3156,21,5,1,3,'true','true'),(3157,21,6,1,3,'true','true'),(3158,21,7,1,3,'true','true'),(3159,21,8,1,3,'true','true'),(3160,21,9,1,3,'true','true'),(3161,21,10,1,3,'true','true'),(3162,21,11,1,3,'true','true'),(3163,21,12,1,3,'true','true'),(3164,21,13,1,3,'true','true'),(3165,21,14,1,3,'true','true'),(3166,21,15,1,3,'true','true'),(3167,21,16,1,3,'true','true'),(3168,21,17,1,3,'true','true'),(3169,21,18,1,3,'true','true'),(3170,21,19,1,3,'true','true'),(3171,21,20,1,3,'true','true'),(3172,21,21,1,3,'true','true'),(3173,21,22,1,3,'true','true'),(3174,21,23,1,3,'true','true'),(3175,21,24,1,3,'true','true'),(3176,21,25,1,3,'true','true'),(3177,21,26,1,3,'true','true'),(3178,21,27,1,3,'true','true'),(3179,21,28,1,3,'true','true'),(3180,21,29,1,3,'true','true'),(3181,22,0,1,3,'true','true'),(3182,22,1,1,3,'true','true'),(3183,22,2,1,3,'true','true'),(3184,22,3,1,3,'true','true'),(3185,22,4,1,3,'true','true'),(3186,22,5,1,3,'true','true'),(3187,22,6,1,3,'true','true'),(3188,22,7,1,3,'true','true'),(3189,22,8,1,3,'true','true'),(3190,22,9,1,3,'true','true'),(3191,22,10,1,3,'true','true'),(3192,22,11,1,3,'true','true'),(3193,22,12,1,3,'true','true'),(3194,22,13,1,3,'true','true'),(3195,22,14,1,3,'true','true'),(3196,22,15,1,3,'true','true'),(3197,22,16,1,3,'true','true'),(3198,22,17,1,3,'true','true'),(3199,22,18,1,3,'true','true'),(3200,22,19,1,3,'true','true'),(3201,22,20,1,3,'true','true'),(3202,22,21,1,3,'true','true'),(3203,22,22,1,3,'true','true'),(3204,22,23,1,3,'true','true'),(3205,22,24,1,3,'true','true'),(3206,22,25,1,3,'true','true'),(3207,22,26,1,3,'true','true'),(3208,22,27,1,3,'true','true'),(3209,22,28,1,3,'true','true'),(3210,22,29,1,3,'true','true'),(3211,23,0,1,3,'true','true'),(3212,23,1,1,3,'true','true'),(3213,23,2,1,3,'true','true'),(3214,23,3,1,3,'true','true'),(3215,23,4,1,3,'true','true'),(3216,23,5,1,3,'true','true'),(3217,23,6,1,3,'true','true'),(3218,23,7,1,3,'true','true'),(3219,23,8,1,3,'true','true'),(3220,23,9,1,3,'true','true'),(3221,23,10,1,3,'true','true'),(3222,23,11,1,3,'true','true'),(3223,23,12,1,3,'true','true'),(3224,23,13,1,3,'true','true'),(3225,23,14,1,3,'true','true'),(3226,23,15,1,3,'true','true'),(3227,23,16,1,3,'true','true'),(3228,23,17,1,3,'true','true'),(3229,23,18,1,3,'true','true'),(3230,23,19,1,3,'true','true'),(3231,23,20,1,3,'true','true'),(3232,23,21,1,3,'true','true'),(3233,23,22,1,3,'true','true'),(3234,23,23,1,3,'true','true'),(3235,23,24,1,3,'true','true'),(3236,23,25,1,3,'true','true'),(3237,23,26,1,3,'true','true'),(3238,23,27,1,3,'true','true'),(3239,23,28,1,3,'true','true'),(3240,23,29,1,3,'true','true'),(3241,24,0,1,3,'true','true'),(3242,24,1,1,3,'true','true'),(3243,24,2,1,3,'true','true'),(3244,24,3,1,3,'true','true'),(3245,24,4,1,3,'true','true'),(3246,24,5,1,3,'true','true'),(3247,24,6,1,3,'true','true'),(3248,24,7,1,3,'true','true'),(3249,24,8,1,3,'true','true'),(3250,24,9,1,3,'true','true'),(3251,24,10,1,3,'true','true'),(3252,24,11,1,3,'true','true'),(3253,24,12,1,3,'true','true'),(3254,24,13,1,3,'true','true'),(3255,24,14,1,3,'true','true'),(3256,24,15,1,3,'true','true'),(3257,24,16,1,3,'true','true'),(3258,24,17,1,3,'true','true'),(3259,24,18,1,3,'true','true'),(3260,24,19,1,3,'true','true'),(3261,24,20,1,3,'true','true'),(3262,24,21,1,3,'true','true'),(3263,24,22,1,3,'true','true'),(3264,24,23,1,3,'true','true'),(3265,24,24,1,3,'true','true'),(3266,24,25,1,3,'true','true'),(3267,24,26,1,3,'true','true'),(3268,24,27,1,3,'true','true'),(3269,24,28,1,3,'true','true'),(3270,24,29,1,3,'true','true'),(3271,25,0,1,3,'true','true'),(3272,25,1,1,3,'true','true'),(3273,25,2,1,3,'true','true'),(3274,25,3,1,3,'true','true'),(3275,25,4,1,3,'true','true'),(3276,25,5,1,3,'true','true'),(3277,25,6,1,3,'true','true'),(3278,25,7,1,3,'true','true'),(3279,25,8,1,3,'true','true'),(3280,25,9,1,3,'true','true'),(3281,25,10,1,3,'true','true'),(3282,25,11,1,3,'true','true'),(3283,25,12,1,3,'true','true'),(3284,25,13,1,3,'true','true'),(3285,25,14,1,3,'true','true'),(3286,25,15,1,3,'true','true'),(3287,25,16,1,3,'true','true'),(3288,25,17,1,3,'true','true'),(3289,25,18,1,3,'true','true'),(3290,25,19,1,3,'true','true'),(3291,25,20,1,3,'true','true'),(3292,25,21,1,3,'true','true'),(3293,25,22,1,3,'true','true'),(3294,25,23,1,3,'true','true'),(3295,25,24,1,3,'true','true'),(3296,25,25,1,3,'true','true'),(3297,25,26,1,3,'true','true'),(3298,25,27,1,3,'true','true'),(3299,25,28,1,3,'true','true'),(3300,25,29,1,3,'true','true'),(3301,26,0,1,3,'true','true'),(3302,26,1,1,3,'true','true'),(3303,26,2,1,3,'true','true'),(3304,26,3,1,3,'true','true'),(3305,26,4,1,3,'true','true'),(3306,26,5,1,3,'true','true'),(3307,26,6,1,3,'true','true'),(3308,26,7,1,3,'true','true'),(3309,26,8,1,3,'true','true'),(3310,26,9,1,3,'true','true'),(3311,26,10,1,3,'true','true'),(3312,26,11,1,3,'true','true'),(3313,26,12,1,3,'true','true'),(3314,26,13,1,3,'true','true'),(3315,26,14,1,3,'true','true'),(3316,26,15,1,3,'true','true'),(3317,26,16,1,3,'true','true'),(3318,26,17,1,3,'true','true'),(3319,26,18,1,3,'true','true'),(3320,26,19,1,3,'true','true'),(3321,26,20,1,3,'true','true'),(3322,26,21,1,3,'true','true'),(3323,26,22,1,3,'true','true'),(3324,26,23,1,3,'true','true'),(3325,26,24,1,3,'true','true'),(3326,26,25,1,3,'true','true'),(3327,26,26,1,3,'true','true'),(3328,26,27,1,3,'true','true'),(3329,26,28,1,3,'true','true'),(3330,26,29,1,3,'true','true'),(3331,27,0,1,3,'true','true'),(3332,27,1,1,3,'true','true'),(3333,27,2,1,3,'true','true'),(3334,27,3,1,3,'true','true'),(3335,27,4,1,3,'true','true'),(3336,27,5,1,3,'true','true'),(3337,27,6,1,3,'true','true'),(3338,27,7,1,3,'true','true'),(3339,27,8,1,3,'true','true'),(3340,27,9,1,3,'true','true'),(3341,27,10,1,3,'true','true'),(3342,27,11,1,3,'true','true'),(3343,27,12,1,3,'true','true'),(3344,27,13,1,3,'true','true'),(3345,27,14,1,3,'true','true'),(3346,27,15,1,3,'true','true'),(3347,27,16,1,3,'true','true'),(3348,27,17,1,3,'true','true'),(3349,27,18,1,3,'true','true'),(3350,27,19,1,3,'true','true'),(3351,27,20,1,3,'true','true'),(3352,27,21,1,3,'true','true'),(3353,27,22,1,3,'true','true'),(3354,27,23,1,3,'true','true'),(3355,27,24,1,3,'true','true'),(3356,27,25,1,3,'true','true'),(3357,27,26,1,3,'true','true'),(3358,27,27,1,3,'true','true'),(3359,27,28,1,3,'true','true'),(3360,27,29,1,3,'true','true'),(3361,28,0,1,3,'true','true'),(3362,28,1,1,3,'true','true'),(3363,28,2,1,3,'true','true'),(3364,28,3,1,3,'true','true'),(3365,28,4,1,3,'true','true'),(3366,28,5,1,3,'true','true'),(3367,28,6,1,3,'true','true'),(3368,28,7,1,3,'true','true'),(3369,28,8,1,3,'true','true'),(3370,28,9,1,3,'true','true'),(3371,28,10,1,3,'true','true'),(3372,28,11,1,3,'true','true'),(3373,28,12,1,3,'true','true'),(3374,28,13,1,3,'true','true'),(3375,28,14,1,3,'true','true'),(3376,28,15,1,3,'true','true'),(3377,28,16,1,3,'true','true'),(3378,28,17,1,3,'true','true'),(3379,28,18,1,3,'true','true'),(3380,28,19,1,3,'true','true'),(3381,28,20,1,3,'true','true'),(3382,28,21,1,3,'true','true'),(3383,28,22,1,3,'true','true'),(3384,28,23,1,3,'true','true'),(3385,28,24,1,3,'true','true'),(3386,28,25,1,3,'true','true'),(3387,28,26,1,3,'true','true'),(3388,28,27,1,3,'true','true'),(3389,28,28,1,3,'true','true'),(3390,28,29,1,3,'true','true'),(3391,29,0,1,3,'true','true'),(3392,29,1,1,3,'true','true'),(3393,29,2,1,3,'true','true'),(3394,29,3,1,3,'true','true'),(3395,29,4,1,3,'true','true'),(3396,29,5,1,3,'true','true'),(3397,29,6,1,3,'true','true'),(3398,29,7,1,3,'true','true'),(3399,29,8,1,3,'true','true'),(3400,29,9,1,3,'true','true'),(3401,29,10,1,3,'true','true'),(3402,29,11,1,3,'true','true'),(3403,29,12,1,3,'true','true'),(3404,29,13,1,3,'true','true'),(3405,29,14,1,3,'true','true'),(3406,29,15,1,3,'true','true'),(3407,29,16,1,3,'true','true'),(3408,29,17,1,3,'true','true'),(3409,29,18,1,3,'true','true'),(3410,29,19,1,3,'true','true'),(3411,29,20,1,3,'true','true'),(3412,29,21,1,3,'true','true'),(3413,29,22,1,3,'true','true'),(3414,29,23,1,3,'true','true'),(3415,29,24,1,3,'true','true'),(3416,29,25,1,3,'true','true'),(3417,29,26,1,3,'true','true'),(3418,29,27,1,3,'true','true'),(3419,29,28,1,3,'true','true'),(3420,29,29,1,3,'true','true'),(5221,30,0,1,3,'true','true'),(5222,30,1,1,3,'true','true'),(5223,30,2,1,3,'true','true'),(5224,30,3,1,3,'true','true'),(5225,30,4,1,3,'true','true'),(5226,30,5,1,3,'true','true'),(5227,30,6,1,3,'true','true'),(5228,30,7,1,3,'true','true'),(5229,30,8,1,3,'true','true'),(5230,30,9,1,3,'true','true'),(5231,30,10,1,3,'true','true'),(5232,30,11,1,3,'true','true'),(5233,30,12,1,3,'true','true'),(5234,30,13,1,3,'true','true'),(5235,30,14,1,3,'true','true'),(5236,30,15,1,3,'true','true'),(5237,30,16,1,3,'true','true'),(5238,30,17,1,3,'true','true'),(5239,30,18,1,3,'true','true'),(5240,30,19,1,3,'true','true'),(5241,30,20,1,3,'true','true'),(5242,30,21,1,3,'true','true'),(5243,30,22,1,3,'true','true'),(5244,30,23,1,3,'true','true'),(5245,30,24,1,3,'true','true'),(5246,30,25,1,3,'true','true'),(5247,30,26,1,3,'true','true'),(5248,30,27,1,3,'true','true'),(5249,30,28,1,3,'true','true'),(5250,30,29,1,3,'true','true'),(5251,31,0,1,3,'true','true'),(5252,31,1,1,3,'true','true'),(5253,31,2,1,3,'true','true'),(5254,31,3,1,3,'true','true'),(5255,31,4,1,3,'true','true'),(5256,31,5,1,3,'true','true'),(5257,31,6,1,3,'true','true'),(5258,31,7,1,3,'true','true'),(5259,31,8,1,3,'true','true'),(5260,31,9,1,3,'true','true'),(5261,31,10,1,3,'true','true'),(5262,31,11,1,3,'true','true'),(5263,31,12,1,3,'true','true'),(5264,31,13,1,3,'true','true'),(5265,31,14,1,3,'true','true'),(5266,31,15,1,3,'true','true'),(5267,31,16,1,3,'true','true'),(5268,31,17,1,3,'true','true'),(5269,31,18,1,3,'true','true'),(5270,31,19,1,3,'true','true'),(5271,31,20,1,3,'true','true'),(5272,31,21,1,3,'true','true'),(5273,31,22,1,3,'true','true'),(5274,31,23,1,3,'true','true'),(5275,31,24,1,3,'true','true'),(5276,31,25,1,3,'true','true'),(5277,31,26,1,3,'true','true'),(5278,31,27,1,3,'true','true'),(5279,31,28,1,3,'true','true'),(5280,31,29,1,3,'true','true'),(5281,32,0,1,3,'true','true'),(5282,32,1,1,3,'true','true'),(5283,32,2,1,3,'true','true'),(5284,32,3,1,3,'true','true'),(5285,32,4,1,3,'true','true'),(5286,32,5,1,3,'true','true'),(5287,32,6,1,3,'true','true'),(5288,32,7,1,3,'true','true'),(5289,32,8,1,3,'true','true'),(5290,32,9,1,3,'true','true'),(5291,32,10,1,3,'true','true'),(5292,32,11,1,3,'true','true'),(5293,32,12,1,3,'true','true'),(5294,32,13,1,3,'true','true'),(5295,32,14,1,3,'true','true'),(5296,32,15,1,3,'true','true'),(5297,32,16,1,3,'true','true'),(5298,32,17,1,3,'true','true'),(5299,32,18,1,3,'true','true'),(5300,32,19,1,3,'true','true'),(5301,32,20,1,3,'true','true'),(5302,32,21,1,3,'true','true'),(5303,32,22,1,3,'true','true'),(5304,32,23,1,3,'true','true'),(5305,32,24,1,3,'true','true'),(5306,32,25,1,3,'true','true'),(5307,32,26,1,3,'true','true'),(5308,32,27,1,3,'true','true'),(5309,32,28,1,3,'true','true'),(5310,32,29,1,3,'true','true'),(5311,33,0,1,3,'true','true'),(5312,33,1,1,3,'true','true'),(5313,33,2,1,3,'true','true'),(5314,33,3,1,3,'true','true'),(5315,33,4,1,3,'true','true'),(5316,33,5,1,3,'true','true'),(5317,33,6,1,3,'true','true'),(5318,33,7,1,3,'true','true'),(5319,33,8,1,3,'true','true'),(5320,33,9,1,3,'true','true'),(5321,33,10,1,3,'true','true'),(5322,33,11,1,3,'true','true'),(5323,33,12,1,3,'true','true'),(5324,33,13,1,3,'true','true'),(5325,33,14,1,3,'true','true'),(5326,33,15,1,3,'true','true'),(5327,33,16,1,3,'true','true'),(5328,33,17,1,3,'true','true'),(5329,33,18,1,3,'true','true'),(5330,33,19,1,3,'true','true'),(5331,33,20,1,3,'true','true'),(5332,33,21,1,3,'true','true'),(5333,33,22,1,3,'true','true'),(5334,33,23,1,3,'true','true'),(5335,33,24,1,3,'true','true'),(5336,33,25,1,3,'true','true'),(5337,33,26,1,3,'true','true'),(5338,33,27,1,3,'true','true'),(5339,33,28,1,3,'true','true'),(5340,33,29,1,3,'true','true'),(5341,34,0,1,3,'true','true'),(5342,34,1,1,3,'true','true'),(5343,34,2,1,3,'true','true'),(5344,34,3,1,3,'true','true'),(5345,34,4,1,3,'true','true'),(5346,34,5,1,3,'true','true'),(5347,34,6,1,3,'true','true'),(5348,34,7,1,3,'true','true'),(5349,34,8,1,3,'true','true'),(5350,34,9,1,3,'true','true'),(5351,34,10,1,3,'true','true'),(5352,34,11,1,3,'true','true'),(5353,34,12,1,3,'true','true'),(5354,34,13,1,3,'true','true'),(5355,34,14,1,3,'true','true'),(5356,34,15,1,3,'true','true'),(5357,34,16,1,3,'true','true'),(5358,34,17,1,3,'true','true'),(5359,34,18,1,3,'true','true'),(5360,34,19,1,3,'true','true'),(5361,34,20,1,3,'true','true'),(5362,34,21,1,3,'true','true'),(5363,34,22,1,3,'true','true'),(5364,34,23,1,3,'true','true'),(5365,34,24,1,3,'true','true'),(5366,34,25,1,3,'true','true'),(5367,34,26,1,3,'true','true'),(5368,34,27,1,3,'true','true'),(5369,34,28,1,3,'true','true'),(5370,34,29,1,3,'true','true'),(5371,35,0,1,3,'true','true'),(5372,35,1,1,3,'true','true'),(5373,35,2,1,3,'true','true'),(5374,35,3,1,3,'true','true'),(5375,35,4,1,3,'true','true'),(5376,35,5,1,3,'true','true'),(5377,35,6,1,3,'true','true'),(5378,35,7,1,3,'true','true'),(5379,35,8,1,3,'true','true'),(5380,35,9,1,3,'true','true'),(5381,35,10,1,3,'true','true'),(5382,35,11,1,3,'true','true'),(5383,35,12,1,3,'true','true'),(5384,35,13,1,3,'true','true'),(5385,35,14,1,3,'true','true'),(5386,35,15,1,3,'true','true'),(5387,35,16,1,3,'true','true'),(5388,35,17,1,3,'true','true'),(5389,35,18,1,3,'true','true'),(5390,35,19,1,3,'true','true'),(5391,35,20,1,3,'true','true'),(5392,35,21,1,3,'true','true'),(5393,35,22,1,3,'true','true'),(5394,35,23,1,3,'true','true'),(5395,35,24,1,3,'true','true'),(5396,35,25,1,3,'true','true'),(5397,35,26,1,3,'true','true'),(5398,35,27,1,3,'true','true'),(5399,35,28,1,3,'true','true'),(5400,35,29,1,3,'true','true'),(5401,36,0,1,3,'true','true'),(5402,36,1,1,3,'true','true'),(5403,36,2,1,3,'true','true'),(5404,36,3,1,3,'true','true'),(5405,36,4,1,3,'true','true'),(5406,36,5,1,3,'true','true'),(5407,36,6,1,3,'true','true'),(5408,36,7,1,3,'true','true'),(5409,36,8,1,3,'true','true'),(5410,36,9,1,3,'true','true'),(5411,36,10,1,3,'true','true'),(5412,36,11,1,3,'true','true'),(5413,36,12,1,3,'true','true'),(5414,36,13,1,3,'true','true'),(5415,36,14,1,3,'true','true'),(5416,36,15,1,3,'true','true'),(5417,36,16,1,3,'true','true'),(5418,36,17,1,3,'true','true'),(5419,36,18,1,3,'true','true'),(5420,36,19,1,3,'true','true'),(5421,36,20,1,3,'true','true'),(5422,36,21,1,3,'true','true'),(5423,36,22,1,3,'true','true'),(5424,36,23,1,3,'true','true'),(5425,36,24,1,3,'true','true'),(5426,36,25,1,3,'true','true'),(5427,36,26,1,3,'true','true'),(5428,36,27,1,3,'true','true'),(5429,36,28,1,3,'true','true'),(5430,36,29,1,3,'true','true'),(5431,37,0,1,3,'true','true'),(5432,37,1,1,3,'true','true'),(5433,37,2,1,3,'true','true'),(5434,37,3,1,3,'true','true'),(5435,37,4,1,3,'true','true'),(5436,37,5,1,3,'true','true'),(5437,37,6,1,3,'true','true'),(5438,37,7,1,3,'true','true'),(5439,37,8,1,3,'true','true'),(5440,37,9,1,3,'true','true'),(5441,37,10,1,3,'true','true'),(5442,37,11,1,3,'true','true'),(5443,37,12,1,3,'true','true'),(5444,37,13,1,3,'true','true'),(5445,37,14,1,3,'true','true'),(5446,37,15,1,3,'true','true'),(5447,37,16,1,3,'true','true'),(5448,37,17,1,3,'true','true'),(5449,37,18,1,3,'true','true'),(5450,37,19,1,3,'true','true'),(5451,37,20,1,3,'true','true'),(5452,37,21,1,3,'true','true'),(5453,37,22,1,3,'true','true'),(5454,37,23,1,3,'true','true'),(5455,37,24,1,3,'true','true'),(5456,37,25,1,3,'true','true'),(5457,37,26,1,3,'true','true'),(5458,37,27,1,3,'true','true'),(5459,37,28,1,3,'true','true'),(5460,37,29,1,3,'true','true'),(5461,38,0,1,3,'true','true'),(5462,38,1,1,3,'true','true'),(5463,38,2,1,3,'true','true'),(5464,38,3,1,3,'true','true'),(5465,38,4,1,3,'true','true'),(5466,38,5,1,3,'true','true'),(5467,38,6,1,3,'true','true'),(5468,38,7,1,3,'true','true'),(5469,38,8,1,3,'true','true'),(5470,38,9,1,3,'true','true'),(5471,38,10,1,3,'true','true'),(5472,38,11,1,3,'true','true'),(5473,38,12,1,3,'true','true'),(5474,38,13,1,3,'true','true'),(5475,38,14,1,3,'true','true'),(5476,38,15,1,3,'true','true'),(5477,38,16,1,3,'true','true'),(5478,38,17,1,3,'true','true'),(5479,38,18,1,3,'true','true'),(5480,38,19,1,3,'true','true'),(5481,38,20,1,3,'true','true'),(5482,38,21,1,3,'true','true'),(5483,38,22,1,3,'true','true'),(5484,38,23,1,3,'true','true'),(5485,38,24,1,3,'true','true'),(5486,38,25,1,3,'true','true'),(5487,38,26,1,3,'true','true'),(5488,38,27,1,3,'true','true'),(5489,38,28,1,3,'true','true'),(5490,38,29,1,3,'true','true'),(5491,39,0,1,3,'true','true'),(5492,39,1,1,3,'true','true'),(5493,39,2,1,3,'true','true'),(5494,39,3,1,3,'true','true'),(5495,39,4,1,3,'true','true'),(5496,39,5,1,3,'true','true'),(5497,39,6,1,3,'true','true'),(5498,39,7,1,3,'true','true'),(5499,39,8,1,3,'true','true'),(5500,39,9,1,3,'true','true'),(5501,39,10,1,3,'true','true'),(5502,39,11,1,3,'true','true'),(5503,39,12,1,3,'true','true'),(5504,39,13,1,3,'true','true'),(5505,39,14,1,3,'true','true'),(5506,39,15,1,3,'true','true'),(5507,39,16,1,3,'true','true'),(5508,39,17,1,3,'true','true'),(5509,39,18,1,3,'true','true'),(5510,39,19,1,3,'true','true'),(5511,39,20,1,3,'true','true'),(5512,39,21,1,3,'true','true'),(5513,39,22,1,3,'true','true'),(5514,39,23,1,3,'true','true'),(5515,39,24,1,3,'true','true'),(5516,39,25,1,3,'true','true'),(5517,39,26,1,3,'true','true'),(5518,39,27,1,3,'true','true'),(5519,39,28,1,3,'true','true'),(5520,39,29,1,3,'true','true'),(5521,40,0,1,3,'true','true'),(5522,40,1,1,3,'true','true'),(5523,40,2,1,3,'true','true'),(5524,40,3,1,3,'true','true'),(5525,40,4,1,3,'true','true'),(5526,40,5,1,3,'true','true'),(5527,40,6,1,3,'true','true'),(5528,40,7,1,3,'true','true'),(5529,40,8,1,3,'true','true'),(5530,40,9,1,3,'true','true'),(5531,40,10,1,3,'true','true'),(5532,40,11,1,3,'true','true'),(5533,40,12,1,3,'true','true'),(5534,40,13,1,3,'true','true'),(5535,40,14,1,3,'true','true'),(5536,40,15,1,3,'true','true'),(5537,40,16,1,3,'true','true'),(5538,40,17,1,3,'true','true'),(5539,40,18,1,3,'true','true'),(5540,40,19,1,3,'true','true'),(5541,40,20,1,3,'true','true'),(5542,40,21,1,3,'true','true'),(5543,40,22,1,3,'true','true'),(5544,40,23,1,3,'true','true'),(5545,40,24,1,3,'true','true'),(5546,40,25,1,3,'true','true'),(5547,40,26,1,3,'true','true'),(5548,40,27,1,3,'true','true'),(5549,40,28,1,3,'true','true'),(5550,40,29,1,3,'true','true'),(5551,41,0,1,3,'true','true'),(5552,41,1,1,3,'true','true'),(5553,41,2,1,3,'true','true'),(5554,41,3,1,3,'true','true'),(5555,41,4,1,3,'true','true'),(5556,41,5,1,3,'true','true'),(5557,41,6,1,3,'true','true'),(5558,41,7,1,3,'true','true'),(5559,41,8,1,3,'true','true'),(5560,41,9,1,3,'true','true'),(5561,41,10,1,3,'true','true'),(5562,41,11,1,3,'true','true'),(5563,41,12,1,3,'true','true'),(5564,41,13,1,3,'true','true'),(5565,41,14,1,3,'true','true'),(5566,41,15,1,3,'true','true'),(5567,41,16,1,3,'true','true'),(5568,41,17,1,3,'true','true'),(5569,41,18,1,3,'true','true'),(5570,41,19,1,3,'true','true'),(5571,41,20,1,3,'true','true'),(5572,41,21,1,3,'true','true'),(5573,41,22,1,3,'true','true'),(5574,41,23,1,3,'true','true'),(5575,41,24,1,3,'true','true'),(5576,41,25,1,3,'true','true'),(5577,41,26,1,3,'true','true'),(5578,41,27,1,3,'true','true'),(5579,41,28,1,3,'true','true'),(5580,41,29,1,3,'true','true'),(5581,42,0,1,3,'true','true'),(5582,42,1,1,3,'true','true'),(5583,42,2,1,3,'true','true'),(5584,42,3,1,3,'true','true'),(5585,42,4,1,3,'true','true'),(5586,42,5,1,3,'true','true'),(5587,42,6,1,3,'true','true'),(5588,42,7,1,3,'true','true'),(5589,42,8,1,3,'true','true'),(5590,42,9,1,3,'true','true'),(5591,42,10,1,3,'true','true'),(5592,42,11,1,3,'true','true'),(5593,42,12,1,3,'true','true'),(5594,42,13,1,3,'true','true'),(5595,42,14,1,3,'true','true'),(5596,42,15,1,3,'true','true'),(5597,42,16,1,3,'true','true'),(5598,42,17,1,3,'true','true'),(5599,42,18,1,3,'true','true'),(5600,42,19,1,3,'true','true'),(5601,42,20,1,3,'true','true'),(5602,42,21,1,3,'true','true'),(5603,42,22,1,3,'true','true'),(5604,42,23,1,3,'true','true'),(5605,42,24,1,3,'true','true'),(5606,42,25,1,3,'true','true'),(5607,42,26,1,3,'true','true'),(5608,42,27,1,3,'true','true'),(5609,42,28,1,3,'true','true'),(5610,42,29,1,3,'true','true'),(5611,43,0,1,3,'true','true'),(5612,43,1,1,3,'true','true'),(5613,43,2,1,3,'true','true'),(5614,43,3,1,3,'true','true'),(5615,43,4,1,3,'true','true'),(5616,43,5,1,3,'true','true'),(5617,43,6,1,3,'true','true'),(5618,43,7,1,3,'true','true'),(5619,43,8,1,3,'true','true'),(5620,43,9,1,3,'true','true'),(5621,43,10,1,3,'true','true'),(5622,43,11,1,3,'true','true'),(5623,43,12,1,3,'true','true'),(5624,43,13,1,3,'true','true'),(5625,43,14,1,3,'true','true'),(5626,43,15,1,3,'true','true'),(5627,43,16,1,3,'true','true'),(5628,43,17,1,3,'true','true'),(5629,43,18,1,3,'true','true'),(5630,43,19,1,3,'true','true'),(5631,43,20,1,3,'true','true'),(5632,43,21,1,3,'true','true'),(5633,43,22,1,3,'true','true'),(5634,43,23,1,3,'true','true'),(5635,43,24,1,3,'true','true'),(5636,43,25,1,3,'true','true'),(5637,43,26,1,3,'true','true'),(5638,43,27,1,3,'true','true'),(5639,43,28,1,3,'true','true'),(5640,43,29,1,3,'true','true'),(5641,44,0,1,3,'true','true'),(5642,44,1,1,3,'true','true'),(5643,44,2,1,3,'true','true'),(5644,44,3,1,3,'true','true'),(5645,44,4,1,3,'true','true'),(5646,44,5,1,3,'true','true'),(5647,44,6,1,3,'true','true'),(5648,44,7,1,3,'true','true'),(5649,44,8,1,3,'true','true'),(5650,44,9,1,3,'true','true'),(5651,44,10,1,3,'true','true'),(5652,44,11,1,3,'true','true'),(5653,44,12,1,3,'true','true'),(5654,44,13,1,3,'true','true'),(5655,44,14,1,3,'true','true'),(5656,44,15,1,3,'true','true'),(5657,44,16,1,3,'true','true'),(5658,44,17,1,3,'true','true'),(5659,44,18,1,3,'true','true'),(5660,44,19,1,3,'true','true'),(5661,44,20,1,3,'true','true'),(5662,44,21,1,3,'true','true'),(5663,44,22,1,3,'true','true'),(5664,44,23,1,3,'true','true'),(5665,44,24,1,3,'true','true'),(5666,44,25,1,3,'true','true'),(5667,44,26,1,3,'true','true'),(5668,44,27,1,3,'true','true'),(5669,44,28,1,3,'true','true'),(5670,44,29,1,3,'true','true'),(5671,45,0,1,3,'true','true'),(5672,45,1,1,3,'true','true'),(5673,45,2,1,3,'true','true'),(5674,45,3,1,3,'true','true'),(5675,45,4,1,3,'true','true'),(5676,45,5,1,3,'true','true'),(5677,45,6,1,3,'true','true'),(5678,45,7,1,3,'true','true'),(5679,45,8,1,3,'true','true'),(5680,45,9,1,3,'true','true'),(5681,45,10,1,3,'true','true'),(5682,45,11,1,3,'true','true'),(5683,45,12,1,3,'true','true'),(5684,45,13,1,3,'true','true'),(5685,45,14,1,3,'true','true'),(5686,45,15,1,3,'true','true'),(5687,45,16,1,3,'true','true'),(5688,45,17,1,3,'true','true'),(5689,45,18,1,3,'true','true'),(5690,45,19,1,3,'true','true'),(5691,45,20,1,3,'true','true'),(5692,45,21,1,3,'true','true'),(5693,45,22,1,3,'true','true'),(5694,45,23,1,3,'true','true'),(5695,45,24,1,3,'true','true'),(5696,45,25,1,3,'true','true'),(5697,45,26,1,3,'true','true'),(5698,45,27,1,3,'true','true'),(5699,45,28,1,3,'true','true'),(5700,45,29,1,3,'true','true'),(5701,46,0,1,3,'true','true'),(5702,46,1,1,3,'true','true'),(5703,46,2,1,3,'true','true'),(5704,46,3,1,3,'true','true'),(5705,46,4,1,3,'true','true'),(5706,46,5,1,3,'true','true'),(5707,46,6,1,3,'true','true'),(5708,46,7,1,3,'true','true'),(5709,46,8,1,3,'true','true'),(5710,46,9,1,3,'true','true'),(5711,46,10,1,3,'true','true'),(5712,46,11,1,3,'true','true'),(5713,46,12,1,3,'true','true'),(5714,46,13,1,3,'true','true'),(5715,46,14,1,3,'true','true'),(5716,46,15,1,3,'true','true'),(5717,46,16,1,3,'true','true'),(5718,46,17,1,3,'true','true'),(5719,46,18,1,3,'true','true'),(5720,46,19,1,3,'true','true'),(5721,46,20,1,3,'true','true'),(5722,46,21,1,3,'true','true'),(5723,46,22,1,3,'true','true'),(5724,46,23,1,3,'true','true'),(5725,46,24,1,3,'true','true'),(5726,46,25,1,3,'true','true'),(5727,46,26,1,3,'true','true'),(5728,46,27,1,3,'true','true'),(5729,46,28,1,3,'true','true'),(5730,46,29,1,3,'true','true'),(5731,47,0,1,3,'true','true'),(5732,47,1,1,3,'true','true'),(5733,47,2,1,3,'true','true'),(5734,47,3,1,3,'true','true'),(5735,47,4,1,3,'true','true'),(5736,47,5,1,3,'true','true'),(5737,47,6,1,3,'true','true'),(5738,47,7,1,3,'true','true'),(5739,47,8,1,3,'true','true'),(5740,47,9,1,3,'true','true'),(5741,47,10,1,3,'true','true'),(5742,47,11,1,3,'true','true'),(5743,47,12,1,3,'true','true'),(5744,47,13,1,3,'true','true'),(5745,47,14,1,3,'true','true'),(5746,47,15,1,3,'true','true'),(5747,47,16,1,3,'true','true'),(5748,47,17,1,3,'true','true'),(5749,47,18,1,3,'true','true'),(5750,47,19,1,3,'true','true'),(5751,47,20,1,3,'true','true'),(5752,47,21,1,3,'true','true'),(5753,47,22,1,3,'true','true'),(5754,47,23,1,3,'true','true'),(5755,47,24,1,3,'true','true'),(5756,47,25,1,3,'true','true'),(5757,47,26,1,3,'true','true'),(5758,47,27,1,3,'true','true'),(5759,47,28,1,3,'true','true'),(5760,47,29,1,3,'true','true'),(5761,48,0,1,3,'true','true'),(5762,48,1,1,3,'true','true'),(5763,48,2,1,3,'true','true'),(5764,48,3,1,3,'true','true'),(5765,48,4,1,3,'true','true'),(5766,48,5,1,3,'true','true'),(5767,48,6,1,3,'true','true'),(5768,48,7,1,3,'true','true'),(5769,48,8,1,3,'true','true'),(5770,48,9,1,3,'true','true'),(5771,48,10,1,3,'true','true'),(5772,48,11,1,3,'true','true'),(5773,48,12,1,3,'true','true'),(5774,48,13,1,3,'true','true'),(5775,48,14,1,3,'true','true'),(5776,48,15,1,3,'true','true'),(5777,48,16,1,3,'true','true'),(5778,48,17,1,3,'true','true'),(5779,48,18,1,3,'true','true'),(5780,48,19,1,3,'true','true'),(5781,48,20,1,3,'true','true'),(5782,48,21,1,3,'true','true'),(5783,48,22,1,3,'true','true'),(5784,48,23,1,3,'true','true'),(5785,48,24,1,3,'true','true'),(5786,48,25,1,3,'true','true'),(5787,48,26,1,3,'true','true'),(5788,48,27,1,3,'true','true'),(5789,48,28,1,3,'true','true'),(5790,48,29,1,3,'true','true'),(5791,49,0,1,3,'true','true'),(5792,49,1,1,3,'true','true'),(5793,49,2,1,3,'true','true'),(5794,49,3,1,3,'true','true'),(5795,49,4,1,3,'true','true'),(5796,49,5,1,3,'true','true'),(5797,49,6,1,3,'true','true'),(5798,49,7,1,3,'true','true'),(5799,49,8,1,3,'true','true'),(5800,49,9,1,3,'true','true'),(5801,49,10,1,3,'true','true'),(5802,49,11,1,3,'true','true'),(5803,49,12,1,3,'true','true'),(5804,49,13,1,3,'true','true'),(5805,49,14,1,3,'true','true'),(5806,49,15,1,3,'true','true'),(5807,49,16,1,3,'true','true'),(5808,49,17,1,3,'true','true'),(5809,49,18,1,3,'true','true'),(5810,49,19,1,3,'true','true'),(5811,49,20,1,3,'true','true'),(5812,49,21,1,3,'true','true'),(5813,49,22,1,3,'true','true'),(5814,49,23,1,3,'true','true'),(5815,49,24,1,3,'true','true'),(5816,49,25,1,3,'true','true'),(5817,49,26,1,3,'true','true'),(5818,49,27,1,3,'true','true'),(5819,49,28,1,3,'true','true'),(5820,49,29,1,3,'true','true'),(5821,50,0,1,3,'true','true'),(5822,50,1,1,3,'true','true'),(5823,50,2,1,3,'true','true'),(5824,50,3,1,3,'true','true'),(5825,50,4,1,3,'true','true'),(5826,50,5,1,3,'true','true'),(5827,50,6,1,3,'true','true'),(5828,50,7,1,3,'true','true'),(5829,50,8,1,3,'true','true'),(5830,50,9,1,3,'true','true'),(5831,50,10,1,3,'true','true'),(5832,50,11,1,3,'true','true'),(5833,50,12,1,3,'true','true'),(5834,50,13,1,3,'true','true'),(5835,50,14,1,3,'true','true'),(5836,50,15,1,3,'true','true'),(5837,50,16,1,3,'true','true'),(5838,50,17,1,3,'true','true'),(5839,50,18,1,3,'true','true'),(5840,50,19,1,3,'true','true'),(5841,50,20,1,3,'true','true'),(5842,50,21,1,3,'true','true'),(5843,50,22,1,3,'true','true'),(5844,50,23,1,3,'true','true'),(5845,50,24,1,3,'true','true'),(5846,50,25,1,3,'true','true'),(5847,50,26,1,3,'true','true'),(5848,50,27,1,3,'true','true'),(5849,50,28,1,3,'true','true'),(5850,50,29,1,3,'true','true'),(5851,51,0,1,3,'true','true'),(5852,51,1,1,3,'true','true'),(5853,51,2,1,3,'true','true'),(5854,51,3,1,3,'true','true'),(5855,51,4,1,3,'true','true'),(5856,51,5,1,3,'true','true'),(5857,51,6,1,3,'true','true'),(5858,51,7,1,3,'true','true'),(5859,51,8,1,3,'true','true'),(5860,51,9,1,3,'true','true'),(5861,51,10,1,3,'true','true'),(5862,51,11,1,3,'true','true'),(5863,51,12,1,3,'true','true'),(5864,51,13,1,3,'true','true'),(5865,51,14,1,3,'true','true'),(5866,51,15,1,3,'true','true'),(5867,51,16,1,3,'true','true'),(5868,51,17,1,3,'true','true'),(5869,51,18,1,3,'true','true'),(5870,51,19,1,3,'true','true'),(5871,51,20,1,3,'true','true'),(5872,51,21,1,3,'true','true'),(5873,51,22,1,3,'true','true'),(5874,51,23,1,3,'true','true'),(5875,51,24,1,3,'true','true'),(5876,51,25,1,3,'true','true'),(5877,51,26,1,3,'true','true'),(5878,51,27,1,3,'true','true'),(5879,51,28,1,3,'true','true'),(5880,51,29,1,3,'true','true'),(5881,52,0,1,3,'true','true'),(5882,52,1,1,3,'true','true'),(5883,52,2,1,3,'true','true'),(5884,52,3,1,3,'true','true'),(5885,52,4,1,3,'true','true'),(5886,52,5,1,3,'true','true'),(5887,52,6,1,3,'true','true'),(5888,52,7,1,3,'true','true'),(5889,52,8,1,3,'true','true'),(5890,52,9,1,3,'true','true'),(5891,52,10,1,3,'true','true'),(5892,52,11,1,3,'true','true'),(5893,52,12,1,3,'true','true'),(5894,52,13,1,3,'true','true'),(5895,52,14,1,3,'true','true'),(5896,52,15,1,3,'true','true'),(5897,52,16,1,3,'true','true'),(5898,52,17,1,3,'true','true'),(5899,52,18,1,3,'true','true'),(5900,52,19,1,3,'true','true'),(5901,52,20,1,3,'true','true'),(5902,52,21,1,3,'true','true'),(5903,52,22,1,3,'true','true'),(5904,52,23,1,3,'true','true'),(5905,52,24,1,3,'true','true'),(5906,52,25,1,3,'true','true'),(5907,52,26,1,3,'true','true'),(5908,52,27,1,3,'true','true'),(5909,52,28,1,3,'true','true'),(5910,52,29,1,3,'true','true'),(5911,53,0,1,3,'true','true'),(5912,53,1,1,3,'true','true'),(5913,53,2,1,3,'true','true'),(5914,53,3,1,3,'true','true'),(5915,53,4,1,3,'true','true'),(5916,53,5,1,3,'true','true'),(5917,53,6,1,3,'true','true'),(5918,53,7,1,3,'true','true'),(5919,53,8,1,3,'true','true'),(5920,53,9,1,3,'true','true'),(5921,53,10,1,3,'true','true'),(5922,53,11,1,3,'true','true'),(5923,53,12,1,3,'true','true'),(5924,53,13,1,3,'true','true'),(5925,53,14,1,3,'true','true'),(5926,53,15,1,3,'true','true'),(5927,53,16,1,3,'true','true'),(5928,53,17,1,3,'true','true'),(5929,53,18,1,3,'true','true'),(5930,53,19,1,3,'true','true'),(5931,53,20,1,3,'true','true'),(5932,53,21,1,3,'true','true'),(5933,53,22,1,3,'true','true'),(5934,53,23,1,3,'true','true'),(5935,53,24,1,3,'true','true'),(5936,53,25,1,3,'true','true'),(5937,53,26,1,3,'true','true'),(5938,53,27,1,3,'true','true'),(5939,53,28,1,3,'true','true'),(5940,53,29,1,3,'true','true'),(5941,54,0,1,3,'true','true'),(5942,54,1,1,3,'true','true'),(5943,54,2,1,3,'true','true'),(5944,54,3,1,3,'true','true'),(5945,54,4,1,3,'true','true'),(5946,54,5,1,3,'true','true'),(5947,54,6,1,3,'true','true'),(5948,54,7,1,3,'true','true'),(5949,54,8,1,3,'true','true'),(5950,54,9,1,3,'true','true'),(5951,54,10,1,3,'true','true'),(5952,54,11,1,3,'true','true'),(5953,54,12,1,3,'true','true'),(5954,54,13,1,3,'true','true'),(5955,54,14,1,3,'true','true'),(5956,54,15,1,3,'true','true'),(5957,54,16,1,3,'true','true'),(5958,54,17,1,3,'true','true'),(5959,54,18,1,3,'true','true'),(5960,54,19,1,3,'true','true'),(5961,54,20,1,3,'true','true'),(5962,54,21,1,3,'true','true'),(5963,54,22,1,3,'true','true'),(5964,54,23,1,3,'true','true'),(5965,54,24,1,3,'true','true'),(5966,54,25,1,3,'true','true'),(5967,54,26,1,3,'true','true'),(5968,54,27,1,3,'true','true'),(5969,54,28,1,3,'true','true'),(5970,54,29,1,3,'true','true'),(5971,55,0,1,3,'true','true'),(5972,55,1,1,3,'true','true'),(5973,55,2,1,3,'true','true'),(5974,55,3,1,3,'true','true'),(5975,55,4,1,3,'true','true'),(5976,55,5,1,3,'true','true'),(5977,55,6,1,3,'true','true'),(5978,55,7,1,3,'true','true'),(5979,55,8,1,3,'true','true'),(5980,55,9,1,3,'true','true'),(5981,55,10,1,3,'true','true'),(5982,55,11,1,3,'true','true'),(5983,55,12,1,3,'true','true'),(5984,55,13,1,3,'true','true'),(5985,55,14,1,3,'true','true'),(5986,55,15,1,3,'true','true'),(5987,55,16,1,3,'true','true'),(5988,55,17,1,3,'true','true'),(5989,55,18,1,3,'true','true'),(5990,55,19,1,3,'true','true'),(5991,55,20,1,3,'true','true'),(5992,55,21,1,3,'true','true'),(5993,55,22,1,3,'true','true'),(5994,55,23,1,3,'true','true'),(5995,55,24,1,3,'true','true'),(5996,55,25,1,3,'true','true'),(5997,55,26,1,3,'true','true'),(5998,55,27,1,3,'true','true'),(5999,55,28,1,3,'true','true'),(6000,55,29,1,3,'true','true'),(6001,56,0,1,3,'true','true'),(6002,56,1,1,3,'true','true'),(6003,56,2,1,3,'true','true'),(6004,56,3,1,3,'true','true'),(6005,56,4,1,3,'true','true'),(6006,56,5,1,3,'true','true'),(6007,56,6,1,3,'true','true'),(6008,56,7,1,3,'true','true'),(6009,56,8,1,3,'true','true'),(6010,56,9,1,3,'true','true'),(6011,56,10,1,3,'true','true'),(6012,56,11,1,3,'true','true'),(6013,56,12,1,3,'true','true'),(6014,56,13,1,3,'true','true'),(6015,56,14,1,3,'true','true'),(6016,56,15,1,3,'true','true'),(6017,56,16,1,3,'true','true'),(6018,56,17,1,3,'true','true'),(6019,56,18,1,3,'true','true'),(6020,56,19,1,3,'true','true'),(6021,56,20,1,3,'true','true'),(6022,56,21,1,3,'true','true'),(6023,56,22,1,3,'true','true'),(6024,56,23,1,3,'true','true'),(6025,56,24,1,3,'true','true'),(6026,56,25,1,3,'true','true'),(6027,56,26,1,3,'true','true'),(6028,56,27,1,3,'true','true'),(6029,56,28,1,3,'true','true'),(6030,56,29,1,3,'true','true'),(6031,57,0,1,3,'true','true'),(6032,57,1,1,3,'true','true'),(6033,57,2,1,3,'true','true'),(6034,57,3,1,3,'true','true'),(6035,57,4,1,3,'true','true'),(6036,57,5,1,3,'true','true'),(6037,57,6,1,3,'true','true'),(6038,57,7,1,3,'true','true'),(6039,57,8,1,3,'true','true'),(6040,57,9,1,3,'true','true'),(6041,57,10,1,3,'true','true'),(6042,57,11,1,3,'true','true'),(6043,57,12,1,3,'true','true'),(6044,57,13,1,3,'true','true'),(6045,57,14,1,3,'true','true'),(6046,57,15,1,3,'true','true'),(6047,57,16,1,3,'true','true'),(6048,57,17,1,3,'true','true'),(6049,57,18,1,3,'true','true'),(6050,57,19,1,3,'true','true'),(6051,57,20,1,3,'true','true'),(6052,57,21,1,3,'true','true'),(6053,57,22,1,3,'true','true'),(6054,57,23,1,3,'true','true'),(6055,57,24,1,3,'true','true'),(6056,57,25,1,3,'true','true'),(6057,57,26,1,3,'true','true'),(6058,57,27,1,3,'true','true'),(6059,57,28,1,3,'true','true'),(6060,57,29,1,3,'true','true'),(6061,58,0,1,3,'true','true'),(6062,58,1,1,3,'true','true'),(6063,58,2,1,3,'true','true'),(6064,58,3,1,3,'true','true'),(6065,58,4,1,3,'true','true'),(6066,58,5,1,3,'true','true'),(6067,58,6,1,3,'true','true'),(6068,58,7,1,3,'true','true'),(6069,58,8,1,3,'true','true'),(6070,58,9,1,3,'true','true'),(6071,58,10,1,3,'true','true'),(6072,58,11,1,3,'true','true'),(6073,58,12,1,3,'true','true'),(6074,58,13,1,3,'true','true'),(6075,58,14,1,3,'true','true'),(6076,58,15,1,3,'true','true'),(6077,58,16,1,3,'true','true'),(6078,58,17,1,3,'true','true'),(6079,58,18,1,3,'true','true'),(6080,58,19,1,3,'true','true'),(6081,58,20,1,3,'true','true'),(6082,58,21,1,3,'true','true'),(6083,58,22,1,3,'true','true'),(6084,58,23,1,3,'true','true'),(6085,58,24,1,3,'true','true'),(6086,58,25,1,3,'true','true'),(6087,58,26,1,3,'true','true'),(6088,58,27,1,3,'true','true'),(6089,58,28,1,3,'true','true'),(6090,58,29,1,3,'true','true'),(6091,59,0,1,3,'true','true'),(6092,59,1,1,3,'true','true'),(6093,59,2,1,3,'true','true'),(6094,59,3,1,3,'true','true'),(6095,59,4,1,3,'true','true'),(6096,59,5,1,3,'true','true'),(6097,59,6,1,3,'true','true'),(6098,59,7,1,3,'true','true'),(6099,59,8,1,3,'true','true'),(6100,59,9,1,3,'true','true'),(6101,59,10,1,3,'true','true'),(6102,59,11,1,3,'true','true'),(6103,59,12,1,3,'true','true'),(6104,59,13,1,3,'true','true'),(6105,59,14,1,3,'true','true'),(6106,59,15,1,3,'true','true'),(6107,59,16,1,3,'true','true'),(6108,59,17,1,3,'true','true'),(6109,59,18,1,3,'true','true'),(6110,59,19,1,3,'true','true'),(6111,59,20,1,3,'true','true'),(6112,59,21,1,3,'true','true'),(6113,59,22,1,3,'true','true'),(6114,59,23,1,3,'true','true'),(6115,59,24,1,3,'true','true'),(6116,59,25,1,3,'true','true'),(6117,59,26,1,3,'true','true'),(6118,59,27,1,3,'true','true'),(6119,59,28,1,3,'true','true'),(6120,59,29,1,3,'true','true'),(6121,30,10,10,3,'false','false'),(6123,30,18,12,3,'false','false'),(6124,30,19,11,3,'false','false'),(6125,30,20,11,3,'false','false'),(6126,30,21,11,3,'false','false'),(6127,30,22,13,3,'false','false'),(6128,50,10,14,3,'false','false'),(6129,50,11,15,3,'false','false'),(6130,50,12,15,3,'false','false'),(6131,51,10,17,3,'false','false'),(6132,51,11,18,3,'false','false'),(6133,51,12,18,3,'false','false'),(6134,52,10,17,3,'false','false'),(6135,52,11,18,3,'false','false'),(6136,52,12,18,3,'false','false'),(6143,53,10,17,3,'false','false'),(6144,53,11,18,3,'false','false'),(6145,53,12,18,3,'false','false'),(6146,54,10,20,3,'false','false'),(6147,54,11,21,3,'false','false'),(6148,54,12,21,3,'false','false'),(6149,50,13,16,3,'false','false'),(6150,51,13,19,3,'false','false'),(6151,52,13,19,3,'false','false'),(6152,53,13,19,3,'false','false'),(6153,54,13,22,3,'false','false');
/*!40000 ALTER TABLE `map_asset` ENABLE KEYS */;
UNLOCK TABLES;

--
-- Table structure for table `map_exit`
--

DROP TABLE IF EXISTS `map_exit`;
/*!40101 SET @saved_cs_client     = @@character_set_client */;
/*!40101 SET character_set_client = utf8 */;
CREATE TABLE `map_exit` (
  `id` int(11) NOT NULL AUTO_INCREMENT,
  `first_map_id` int(11) NOT NULL,
  `first_map_x` int(11) NOT NULL,
  `first_map_y` int(11) NOT NULL,
  `second_map_id` int(11) NOT NULL,
  `second_map_x` int(11) NOT NULL,
  `second_map_y` int(11) NOT NULL,
  PRIMARY KEY (`id`),
  KEY `foreign_key_2_idx` (`second_map_id`),
  KEY `foreign_key_1_idx` (`first_map_id`),
  CONSTRAINT `foreign_key_3` FOREIGN KEY (`first_map_id`) REFERENCES `map` (`id`) ON DELETE NO ACTION ON UPDATE NO ACTION,
  CONSTRAINT `foreign_key_4` FOREIGN KEY (`second_map_id`) REFERENCES `map` (`id`) ON DELETE NO ACTION ON UPDATE NO ACTION
) ENGINE=InnoDB AUTO_INCREMENT=19 DEFAULT CHARSET=utf8;
/*!40101 SET character_set_client = @saved_cs_client */;

--
-- Dumping data for table `map_exit`
--

LOCK TABLES `map_exit` WRITE;
/*!40000 ALTER TABLE `map_exit` DISABLE KEYS */;
INSERT INTO `map_exit` VALUES (1,1,40,9,2,0,9),(2,1,40,10,2,0,10),(3,1,40,11,2,0,11),(10,2,-1,9,1,38,9),(11,2,-1,10,1,38,10),(12,2,-1,11,1,38,11),(13,3,-1,9,2,38,9),(14,3,-1,10,2,38,10),(15,3,-1,11,2,38,11),(16,2,40,9,3,0,9),(17,2,40,10,3,0,10),(18,2,40,11,3,0,11);
/*!40000 ALTER TABLE `map_exit` ENABLE KEYS */;
UNLOCK TABLES;

--
-- Table structure for table `messages`
--

DROP TABLE IF EXISTS `messages`;
/*!40101 SET @saved_cs_client     = @@character_set_client */;
/*!40101 SET character_set_client = utf8 */;
CREATE TABLE `messages` (
  `id` int(11) unsigned NOT NULL AUTO_INCREMENT,
  `user_id` int(11) NOT NULL,
  `map_id` int(11) NOT NULL,
  `content` longtext NOT NULL,
  `time_stamp` datetime NOT NULL,
  PRIMARY KEY (`id`),
  KEY `userID_idx` (`user_id`),
  KEY `cid_idx` (`map_id`),
  CONSTRAINT `cid` FOREIGN KEY (`map_id`) REFERENCES `map` (`id`) ON DELETE NO ACTION ON UPDATE NO ACTION,
  CONSTRAINT `uid` FOREIGN KEY (`user_id`) REFERENCES `users` (`id`) ON DELETE NO ACTION ON UPDATE NO ACTION
) ENGINE=InnoDB AUTO_INCREMENT=408 DEFAULT CHARSET=utf8;
/*!40101 SET character_set_client = @saved_cs_client */;

--
-- Dumping data for table `messages`
--

LOCK TABLES `messages` WRITE;
/*!40000 ALTER TABLE `messages` DISABLE KEYS */;
INSERT INTO `messages` VALUES (1,9,2,'eh el kalam','2016-05-01 01:15:19'),(2,9,2,'r','2016-05-01 01:15:39'),(3,11,2,'yeah','2016-05-01 02:33:07'),(4,11,2,'<3','2016-05-01 03:43:41'),(5,10,2,'wow','2016-05-01 18:42:09'),(6,11,2,'bo','2016-05-01 19:20:41'),(7,11,2,'zobr','2016-05-01 20:14:26'),(8,11,2,'sup','2016-05-01 20:18:55'),(9,11,2,'ZOBRY','2016-05-01 20:19:04'),(10,11,2,'jgjgfky','2016-05-01 21:10:17'),(11,11,2,'hey','2016-05-09 01:15:24'),(12,11,2,'hey','2016-05-09 01:19:42'),(13,11,2,'hey','2016-05-09 01:46:45'),(14,11,2,'supppp','2016-05-09 01:46:50'),(15,11,2,'hey','2016-05-09 01:52:34'),(16,11,2,'no way !','2016-05-09 01:52:39'),(17,11,2,'really !!','2016-05-09 01:52:43'),(18,11,2,'fuck off','2016-05-09 01:52:49'),(19,11,2,'dqwd','2016-05-09 01:52:50'),(20,11,2,'qwdq','2016-05-09 01:52:51'),(21,11,2,'dwqd','2016-05-09 01:52:51'),(22,11,2,'qwdqwdqwd','2016-05-09 01:52:52'),(23,11,2,'dwqdqw','2016-05-09 01:52:53'),(24,11,2,'dwqdqwd','2016-05-09 01:52:54'),(25,11,2,'sup','2016-05-09 19:00:48'),(26,11,3,'FUCK','2016-05-10 01:25:30'),(27,10,2,'DAAYMM :3','2016-05-10 01:32:39'),(28,10,3,'     ','2016-05-10 01:33:00'),(29,10,3,'ervev','2016-05-10 01:38:22'),(30,10,3,'erfer','2016-05-10 01:38:33'),(31,11,2,'hi','2016-05-10 23:07:58'),(32,11,2,'no way !','2016-05-10 23:08:15'),(33,11,2,'sup','2016-05-10 23:10:35'),(34,11,2,'hi','2016-05-10 23:11:09'),(35,11,2,'ewdwed','2016-05-10 23:11:55'),(36,11,2,'hey','2016-05-10 23:12:38'),(37,11,2,'hey','2016-05-10 23:13:23'),(38,11,2,'o','2016-05-10 23:13:49'),(39,11,2,'hey','2016-05-10 23:14:08'),(40,11,2,'hey','2016-05-10 23:21:33'),(41,11,2,'go to hell buddy','2016-05-10 23:21:42'),(42,11,2,'efkes ba2a :D','2016-05-10 23:21:49'),(43,11,2,'7amada :D','2016-05-10 23:21:56'),(44,11,2,'no way','2016-05-10 23:22:01'),(45,11,2,'ya3am efkes meny ba2a :D','2016-05-10 23:24:00'),(46,11,2,'7amada :D','2016-05-10 23:24:07'),(47,11,3,'ice','2016-05-10 23:24:18'),(48,11,3,'eh da lol :D','2016-05-10 23:24:26'),(49,11,3,'hey','2016-05-10 23:30:15'),(50,11,3,'sss','2016-05-10 23:31:39'),(51,11,2,'yabny enta kolot oksem belah :D','2016-05-10 23:35:33'),(52,11,2,'a7maaaaar','2016-05-10 23:35:46'),(53,11,2,'ya faksaneen','2016-05-10 23:36:17'),(54,11,2,'toz feeko :P','2016-05-10 23:36:26'),(55,11,2,'da 7ewwwwwwwwwwwwwwwwwwwwwwwwwwwwwwwwwwwwwwwwwwwwwwwwwwwwwwwwwwwwwwwwwwwwwwwa','2016-05-10 23:37:43'),(56,11,3,'hellow','2016-05-10 23:44:29'),(57,11,3,'ezayek ya mama','2016-05-10 23:44:36'),(58,11,2,'hi nousa','2016-05-10 23:46:40'),(59,11,3,'3awez eh ya zeft','2016-05-10 23:52:11'),(60,11,2,'fakes chat history :D','2016-05-10 23:58:30'),(61,11,2,'wala eh','2016-05-10 23:58:34'),(62,11,2,'ya3am wana maly','2016-05-10 23:58:39'),(63,11,2,'wedwed','2016-05-11 00:31:58'),(64,11,2,'eh yaba :D','2016-05-11 19:12:06'),(65,11,2,'yastaaaaaaaaaaaaaaaaaaa','2016-05-11 20:06:29'),(66,11,3,'hello','2016-05-12 04:17:49'),(67,11,3,'hell','2016-05-12 04:25:48'),(68,11,3,'hello','2016-05-12 04:26:20'),(69,11,3,'its me','2016-05-12 04:26:33'),(70,11,2,'supp guys','2016-05-12 04:29:15'),(71,11,2,'hello','2016-05-12 04:33:21'),(72,11,2,'h','2016-05-12 04:34:39'),(73,11,2,'wala el bala7 :D','2016-05-12 04:34:45'),(74,11,2,'a7ee de awsa5 lol','2016-05-12 04:34:54'),(75,11,2,'uuuu','2016-05-12 04:45:06'),(76,11,2,'y','2016-05-12 04:46:52'),(77,11,2,'suppp','2016-05-12 04:46:57'),(78,11,2,'hey','2016-05-12 05:02:27'),(79,11,2,'dwed','2016-05-12 05:03:25'),(80,11,2,'eu','2016-05-12 16:53:00'),(81,11,2,'i','2016-05-12 17:00:03'),(82,11,2,'ello','2016-05-12 17:03:49'),(83,11,2,'its me','2016-05-12 17:03:52'),(84,11,2,'ei','2016-05-12 17:09:55'),(85,11,2,'p','2016-05-12 17:10:02'),(86,11,2,'hey','2016-05-12 17:11:11'),(87,11,2,'supppp','2016-05-12 17:11:18'),(88,11,2,'hello','2016-05-12 17:13:37'),(89,11,2,'dfd','2016-05-12 17:14:42'),(90,11,2,'dfd','2016-05-12 17:14:43'),(91,11,2,'fddd','2016-05-12 17:14:45'),(92,11,2,'dfdd','2016-05-12 17:14:46'),(93,11,2,'hey','2016-05-12 17:23:50'),(94,11,2,'ell','2016-05-12 17:23:53'),(95,11,2,'dwedw','2016-05-12 17:23:55'),(96,11,2,'dwedwe','2016-05-12 17:23:57'),(97,11,2,'wdwed','2016-05-12 17:23:59'),(98,11,2,'edwdwe','2016-05-12 17:24:02'),(99,11,2,'ey','2016-05-12 17:25:51'),(100,11,2,'ts me','2016-05-12 17:25:53'),(101,11,2,'dwedwe','2016-05-12 17:25:56'),(102,11,2,'qewd','2016-05-12 17:25:57'),(103,11,2,'qedqed','2016-05-12 17:25:59'),(104,11,2,'qdedqe','2016-05-12 17:26:01'),(105,11,2,'edqwedq','2016-05-12 17:26:03'),(106,11,2,'hey','2016-05-12 17:31:19'),(107,11,2,'wedwedwe','2016-05-12 17:37:01'),(108,11,2,'wedwdew','2016-05-12 17:43:36'),(109,11,2,'wedwed','2016-05-12 17:43:41'),(110,11,2,'wedewd','2016-05-12 17:43:43'),(111,11,2,'wedwe','2016-05-12 17:46:34'),(112,11,2,'wedwe','2016-05-12 17:46:35'),(113,11,2,'dwedwe','2016-05-12 17:46:36'),(114,11,2,'dewdwe','2016-05-12 17:46:36'),(115,11,2,'dewdwe','2016-05-12 17:46:37'),(116,11,2,'dwedwe','2016-05-12 17:46:38'),(117,11,2,'dwed','2016-05-12 17:48:33'),(118,11,2,'ewdwe','2016-05-12 17:48:33'),(119,11,2,'dewd','2016-05-12 17:48:34'),(120,11,2,'dwedwe','2016-05-12 17:48:35'),(121,11,2,'dew','2016-05-12 17:48:35'),(122,11,2,'dwedwe','2016-05-12 17:48:36'),(123,11,2,'dwedew','2016-05-12 17:48:37'),(124,11,2,'wedwe','2016-05-12 17:51:49'),(125,11,2,'dwedwe','2016-05-12 17:51:50'),(126,11,2,'dewdwe','2016-05-12 17:51:50'),(127,11,2,'dwedwe','2016-05-12 17:51:51'),(128,11,2,'dewwe','2016-05-12 17:51:52'),(129,11,2,'ewdwe','2016-05-12 17:55:51'),(130,11,2,'dwedwe','2016-05-12 17:55:52'),(131,11,2,'dewdwe','2016-05-12 17:55:52'),(132,11,2,'dwedew','2016-05-12 17:55:53'),(133,11,2,'dwedwe','2016-05-12 17:55:53'),(134,11,2,'dewdwe','2016-05-12 17:55:54'),(135,11,2,'dwedw','2016-05-12 17:56:49'),(136,11,2,'dwedwe','2016-05-12 17:56:50'),(137,11,2,'dwedwe','2016-05-12 17:56:50'),(138,11,2,'dewdwe','2016-05-12 17:56:51'),(139,11,2,'dwedwe','2016-05-12 17:56:52'),(140,11,2,'dwedwe','2016-05-12 17:56:52'),(141,11,2,'dwedewd','2016-05-12 17:56:53'),(142,11,2,'dewdwe','2016-05-12 17:56:53'),(143,11,2,'dwedw','2016-05-12 17:56:54'),(144,11,2,'hey','2016-05-12 17:59:53'),(145,11,2,'ewdwe','2016-05-12 17:59:57'),(146,11,2,'dwedwe','2016-05-12 17:59:58'),(147,11,2,'dwedwe','2016-05-12 17:59:58'),(148,11,2,'dew','2016-05-12 17:59:59'),(149,11,2,'wedwe','2016-05-12 18:00:00'),(150,11,2,'dwe','2016-05-12 18:00:00'),(151,11,2,'wedwe','2016-05-12 18:00:22'),(152,11,2,'ewdwe','2016-05-12 18:00:59'),(153,11,2,'wedwd','2016-05-12 18:01:02'),(154,11,2,'wedwe','2016-05-12 18:01:03'),(155,11,2,'dwedwe','2016-05-12 18:01:04'),(156,11,2,'dwede','2016-05-12 18:01:04'),(157,11,2,'dwedwe','2016-05-12 18:01:05'),(158,11,2,'dwe','2016-05-12 18:01:06'),(159,11,2,'fucv me','2016-05-12 18:01:30'),(160,11,2,'shit','2016-05-12 18:01:40'),(161,11,2,'eh el bedan da :D','2016-05-12 18:01:45'),(162,11,2,'bateee2a','2016-05-12 18:01:51'),(163,11,2,'showaya','2016-05-12 18:01:55'),(164,11,2,'d','2016-05-12 18:01:57'),(165,11,2,'dw ','2016-05-12 18:02:00'),(166,11,2,'wedwe','2016-05-12 18:02:48'),(167,11,2,'ya deny omy','2016-05-12 18:02:53'),(168,11,2,'dwe','2016-05-12 18:03:48'),(169,11,2,'wedwe','2016-05-12 18:03:49'),(170,11,2,'dwedwe','2016-05-12 18:03:49'),(171,11,2,'dewdwe','2016-05-12 18:03:50'),(172,11,2,'wedwe','2016-05-12 18:03:52'),(173,11,2,'nice :D','2016-05-12 18:03:57'),(174,11,2,'3awez eh y7a zeft :D','2016-05-12 18:04:30'),(175,11,2,'??','2016-05-12 18:06:08'),(176,11,2,'mmm nice','2016-05-12 18:06:15'),(177,11,2,'ba2olak eh yad','2016-05-12 18:06:20'),(178,11,2,'mategy negy :D','2016-05-12 18:06:23'),(179,11,2,'sup','2016-05-12 18:13:10'),(180,11,2,'nice','2016-05-12 18:14:07'),(181,11,2,'niceley done bro','2016-05-12 18:14:37'),(182,11,2,'i ','2016-05-12 18:14:40'),(183,11,2,'i know','2016-05-12 18:14:42'),(184,11,2,':D','2016-05-12 18:14:47'),(185,11,2,'awsomeness','2016-05-12 18:14:53'),(186,11,2,'manta 3ashan 7omar lol','2016-05-12 18:15:08'),(187,11,2,'we 5aroof :D','2016-05-12 18:15:14'),(188,11,2,'fakes','2016-05-12 18:15:20'),(189,11,2,'eh ayd','2016-05-12 18:19:24'),(190,11,2,'ya wala ya 7emaar','2016-05-12 18:19:28'),(191,11,2,'a','2016-05-12 18:19:29'),(192,11,2,'ehhhh ba2aaaaa','2016-05-12 18:19:34'),(193,11,2,'z','2016-05-12 18:19:35'),(194,11,2,'zefttttt','2016-05-12 18:19:38'),(195,11,2,'ehhh','2016-05-12 18:22:02'),(196,11,2,'a','2016-05-12 18:22:05'),(197,11,2,'dewd','2016-05-12 18:22:06'),(198,11,2,'dewd','2016-05-12 18:22:06'),(199,11,2,'dwedwe','2016-05-12 18:22:07'),(200,11,2,'ewdwe','2016-05-12 18:22:08'),(201,11,2,'wedwe','2016-05-12 18:22:08'),(202,11,2,'dwedwe','2016-05-12 18:22:09'),(203,11,2,'dwedwe','2016-05-12 18:22:10'),(204,11,2,'eje','2016-05-12 18:23:14'),(205,11,2,'ejdwe','2016-05-12 18:23:15'),(206,11,2,'wedew','2016-05-12 18:23:16'),(207,11,2,'dwedwe','2016-05-12 18:23:16'),(208,11,2,'dew','2016-05-12 18:23:17'),(209,11,2,'dwedwe','2016-05-12 18:23:17'),(210,11,2,'dwedwe','2016-05-12 18:23:18'),(211,11,2,'dwedwe','2016-05-12 18:23:19'),(212,11,2,'nicely done','2016-05-12 18:23:22'),(213,11,2,'dwedw','2016-05-12 18:29:38'),(214,11,2,'wedwe','2016-05-12 18:29:39'),(215,11,2,'dewdwe','2016-05-12 18:29:39'),(216,11,2,'ewdwe','2016-05-12 18:29:40'),(217,11,2,'dwe','2016-05-12 18:29:40'),(218,11,2,'dwedwe','2016-05-12 18:29:41'),(219,11,2,'dwedwe','2016-05-12 18:29:41'),(220,11,2,'dwedwedw','2016-05-12 18:29:42'),(221,11,2,'edwe','2016-05-12 18:32:46'),(222,11,2,'wedw','2016-05-12 18:32:47'),(223,11,2,'wedw','2016-05-12 18:32:49'),(224,11,2,'dwe','2016-05-12 18:32:51'),(225,11,2,'wedw','2016-05-12 18:32:52'),(226,11,2,'dwe','2016-05-12 18:32:53'),(227,11,2,'eh yasta','2016-05-12 18:36:03'),(228,11,2,'3a,el eh','2016-05-12 18:36:06'),(229,11,2,'wedw','2016-05-12 18:46:33'),(230,11,2,'wdwe','2016-05-12 18:46:34'),(231,11,2,'dwedw','2016-05-12 18:46:35'),(232,11,2,'wedwe','2016-05-12 18:46:35'),(233,11,2,'dwedwe','2016-05-12 18:46:36'),(234,11,2,'dwedwe','2016-05-12 18:46:36'),(235,11,2,'dwede','2016-05-12 18:46:37'),(236,11,2,'ddwed','2016-05-12 18:46:38'),(237,11,2,'wwwoowwwwwwww','2016-05-12 20:25:50'),(238,11,2,'wdwe','2016-05-12 20:25:52'),(239,11,2,'mashy','2016-05-12 20:27:05'),(240,11,2,'hey','2016-05-12 20:37:52'),(241,11,2,'sup','2016-05-12 20:37:54'),(242,11,2,'man','2016-05-12 20:37:56'),(243,11,2,'nooooooo','2016-05-12 20:37:59'),(244,11,2,'ehehhehiwedoiwebdoiwedo wediuwheiud weihdiwehid weihdoiwe dowed ','2016-05-12 20:40:15'),(245,11,2,'dwedw','2016-05-12 20:40:18'),(246,11,2,'eh el araf da :D','2016-05-12 20:44:49'),(247,11,2,'heyyy','2016-05-12 20:51:13'),(248,11,2,'WOOOOOOOOOOOOOOOOOOWWWWWWWW','2016-05-12 20:51:18'),(249,11,2,'wjeoidjowei','2016-05-12 20:51:26'),(250,11,2,'dweidwje','2016-05-12 20:51:27'),(251,11,2,'weodwqe','2016-05-12 20:51:27'),(252,11,2,'dqweodwqe','2016-05-12 20:51:28'),(253,11,2,'dkwqed','2016-05-12 20:51:28'),(254,11,2,'wqe','2016-05-12 20:51:29'),(255,11,2,'dpwedowed','2016-05-12 20:51:29'),(256,11,2,'ewqd','2016-05-12 20:51:29'),(257,11,2,'weq','2016-05-12 20:51:30'),(258,11,2,'dq','2016-05-12 20:51:30'),(259,11,2,'wed','2016-05-12 20:51:30'),(260,11,2,'qwed','2016-05-12 20:51:30'),(261,11,2,'we','2016-05-12 20:51:30'),(262,11,2,'d','2016-05-12 20:51:31'),(263,11,2,'qwed','2016-05-12 20:51:31'),(264,11,2,'qwe','2016-05-12 20:51:31'),(265,11,2,'d','2016-05-12 20:51:31'),(266,11,2,'qwed','2016-05-12 20:51:31'),(267,11,2,'weq','2016-05-12 20:51:32'),(268,11,2,'dewq','2016-05-12 20:51:32'),(269,11,2,'d','2016-05-12 20:51:32'),(270,11,2,'qwedqwe','2016-05-12 20:51:32'),(271,11,2,'dqw','2016-05-12 20:51:33'),(272,11,2,'dqd','2016-05-12 20:51:33'),(273,11,2,'e','2016-05-12 20:51:33'),(274,11,2,'jjjjjjjjjjjjjjjjjjjjjjjjjjjjjjjjjjjiiiiiiiiiooooooooooooooooooooooooooooooo','2016-05-12 21:14:36'),(275,11,2,'eeeeeeeeeeeeeee','2016-05-12 21:15:05'),(276,11,2,'ooooooooooooooooooooooooooooooooooooooooooooooooooo','2016-05-12 21:15:41'),(277,11,2,'ooooooooooooooooooooooooooooooooooooooooooooooo','2016-05-12 21:18:56'),(278,11,2,'oooo o  ooooooo oooooooo oooooooo oooooooooo ooooooooooo ooooooooo ','2016-05-12 21:19:09'),(279,11,2,'hi my name is michael and i am storng dicked guy ','2016-05-12 21:19:28'),(280,11,2,'wehio dweik wedoijwe wejiwe ewikjwei we wei wejoiwej weowe w owe weowke ','2016-05-12 21:20:15'),(281,11,2,'sdcsd','2016-05-12 21:20:20'),(282,11,2,'sd sd s sd sd sd sdffsd fsvdv fqwewd fsdc svsd vsdv sdv ds vsdvsdvs vewv d s','2016-05-12 21:20:29'),(283,11,2,'sd sd s sd sd sd sdffsd fsvdv fqwewd fsdc svsd vsdv sdv ds vsdvsdvs vewv d s','2016-05-12 21:20:31'),(284,11,2,'sd sd s sd sd sd sdffsd fsvdv fqwewd fsdc svsd vsdv sdv ds vsdvsdvs vewv d s','2016-05-12 21:20:32'),(285,11,2,'sd sd s sd sd sd sdffsd fsvdv fqwewd fsdc svsd vsdv sdv ds vsdvsdvs vewv d s','2016-05-12 21:20:33'),(286,11,2,'sd sd s sd sd sd sdffsd fsvdv fqwewd fsdc svsd vsdv sdv ds vsdvsdvs vewv d s','2016-05-12 21:20:33'),(287,11,2,'sd sd s sd sd sd sdffsd fsvdv fqwewd fsdc svsd vsdv sdv ds vsdvsdvs vewv d s','2016-05-12 21:20:34'),(288,11,2,'sd sd s sd sd sd sdffsd fsvdv fqwewd fsdc svsd vsdv sdv ds vsdvsdvs vewv d s','2016-05-12 21:20:34'),(289,11,2,'sd sd s sd sd sd sdffsd fsvdv fqwewd fsdc svsd vsdv sdv ds vsdvsdvs vewv d s','2016-05-12 21:20:35'),(290,11,2,'sd sd s sd sd sd sdffsd fsvdv fqwewd fsdc svsd vsdv sdv ds vsdvsdvs vewv d s','2016-05-12 21:20:36'),(291,11,2,'sd sd s sd sd sd sdffsd fsvdv fqwewd fsdc svsd vsdv sdv ds vsdvsdvs vewv d s','2016-05-12 21:20:36'),(292,11,2,'ooooooooooooooooooooooooooooooooooooooooooooooooooooooooooooooo','2016-05-12 21:25:50'),(293,11,2,'nicely done broooooooooooooooooooooooooo','2016-05-12 21:26:05'),(294,11,2,'heeyyy','2016-05-12 21:26:54'),(295,11,2,'its me','2016-05-12 21:27:06'),(296,11,2,'nooooo','2016-05-12 21:27:11'),(297,11,2,'hey buddy :D','2016-05-12 21:27:16'),(298,11,2,'nooooooooooooooooooooooooooooooooooooooooo','2016-05-12 21:27:23'),(299,11,2,'NOOOOOOOOOOOOOO','2016-05-12 21:27:30'),(300,11,2,'NOOOOOOOOOOOOOOOOOOOOOOOOOOOOOOOOOOOOOOOOOOOOOOOOOOOOOOOOOOOOO','2016-05-12 21:27:34'),(301,11,2,'i like this more really','2016-05-12 21:28:25'),(302,11,2,'suck support :3','2016-05-12 21:28:31'),(303,11,2,'ua3mm','2016-05-12 21:28:45'),(304,11,2,'3awez eh yad lol','2016-05-12 21:28:50'),(305,11,2,'3awez','2016-05-12 21:28:53'),(306,11,2,'you can still chat without the popup','2016-05-12 21:29:07'),(307,11,2,'but i think this is a wrong feature','2016-05-12 21:29:20'),(308,11,2,'nice','2016-05-12 21:30:02'),(309,11,2,'h','2016-05-12 21:34:41'),(310,11,2,'not all','2016-05-12 21:34:49'),(311,11,2,'hey','2016-05-12 21:36:03'),(312,11,2,'hey','2016-05-12 21:36:49'),(313,11,2,'its me','2016-05-12 21:36:56'),(314,11,2,'hi bro','2016-05-12 21:37:03'),(315,11,2,'supppp','2016-05-12 21:37:26'),(316,11,2,'nicely done','2016-05-12 21:37:34'),(317,10,2,'hey','2016-05-12 21:38:53'),(318,10,2,'hey','2016-05-12 21:39:07'),(319,10,2,'its me','2016-05-12 21:39:10'),(320,11,2,'???','2016-05-12 21:39:14'),(321,10,2,'much better','2016-05-12 21:39:56'),(322,10,2,'heyy','2016-05-12 21:40:33'),(323,10,2,'wanna fuck ?','2016-05-12 21:40:40'),(324,11,2,'No but no thanks :D','2016-05-12 21:40:48'),(325,11,2,'nice btw','2016-05-12 21:41:24'),(326,11,2,'leh beye7sal keda tayeb :D','2016-05-12 21:42:17'),(327,11,2,'wdnown wedpowjdpow peodjopwejkdwd weowwwwwwwwwwwwwwwwwwwwwwwwwwwwwwwwwww','2016-05-12 21:42:27'),(328,11,2,'NOOOOOOOOOOOOOOOOOOOOOOOOOOOOOOOOOOOOOOOOOOOOOO','2016-05-12 21:42:33'),(329,11,2,'NOOOOOOOOOOOOOOOOOOOOOOOOOOOOOOOOOOOOOOOOOOOOOOOO','2016-05-12 21:42:36'),(330,11,2,'NOOOOOOOOOOOOOOOOOOOOOOOOOOOOOOOOOOOOOOOOOOOOOOOOOOOOOOOOOOOOOOOOOOOOOOOOOOOOOOOOOOOOOOOOOOOOOOOOOOOOOOOOOOOOO','2016-05-12 21:42:41'),(331,11,2,':D','2016-05-12 21:42:50'),(332,11,2,'wdw','2016-05-12 21:42:54'),(333,11,2,'wdwedwedw','2016-05-12 21:42:55'),(334,11,2,'heyyy','2016-05-12 21:43:54'),(335,11,2,'nicely done :D','2016-05-12 21:45:28'),(336,11,2,'okayyyyyy','2016-05-12 21:48:51'),(337,11,2,'now what','2016-05-12 21:48:57'),(338,11,2,'7atsebha ked a?','2016-05-12 21:49:05'),(339,11,2,'ah','2016-05-12 21:49:06'),(340,11,2,'leh la2 lol','2016-05-12 21:49:09'),(341,11,2,'hey','2016-05-12 22:02:42'),(342,11,2,'helloo','2016-05-12 22:02:51'),(343,11,2,'its me :D','2016-05-12 22:02:55'),(344,11,2,'7ewaaaaaaaaaaaaaaaaaaaaaaaaaaar','2016-05-12 22:09:19'),(345,11,2,'3awez eh yad ya mota5alef ya bedaan :D','2016-05-12 22:11:49'),(346,11,2,'HEY','2016-05-13 06:49:30'),(347,11,2,'sorry','2016-05-13 06:49:34'),(348,11,2,'hey','2016-05-13 06:58:46'),(349,11,2,'supppppp','2016-05-13 06:58:49'),(350,11,2,'hey','2016-05-13 06:59:22'),(351,11,2,'hey','2016-05-13 06:59:39'),(352,11,2,'noooo','2016-05-13 06:59:44'),(353,11,2,'yes sure','2016-05-13 06:59:47'),(354,11,2,'why not ya3ny','2016-05-13 06:59:50'),(355,11,2,'nice btw','2016-05-13 07:03:28'),(356,11,2,'ezayek ya mama','2016-05-13 16:23:12'),(357,11,2,'hey','2016-05-13 20:19:59'),(358,11,2,'nooo ','2016-05-13 20:20:02'),(359,11,2,'hey','2016-05-13 20:57:22'),(360,11,2,'noooo','2016-05-13 20:57:24'),(361,11,2,'go to hell buddy','2016-05-13 20:57:29'),(362,11,2,'wedwed','2016-05-13 21:18:11'),(363,11,2,'wded','2016-05-13 21:18:11'),(364,11,2,'wdwed','2016-05-13 21:18:12'),(365,11,2,'wed','2016-05-13 21:18:12'),(366,11,2,'wedwe','2016-05-13 21:18:12'),(367,11,2,'dwe','2016-05-13 21:18:13'),(368,11,2,'wdew','2016-05-13 21:18:15'),(369,11,2,'wedwe','2016-05-13 21:18:16'),(370,11,2,'wedwed','2016-05-13 21:18:16'),(371,11,2,'ehhhh','2016-05-13 22:00:44'),(372,11,2,'ehhh','2016-05-13 22:02:34'),(373,11,2,'7amada 7abeeby','2016-05-13 22:03:42'),(374,11,2,'ezayak ya wad','2016-05-13 22:03:45'),(375,11,2,'e5la333 a7mar yabn el sharmoota 3ashan manekaksh :D','2016-05-13 22:04:00'),(376,11,2,'ya3am mesh 3awza ana ay en teet omak','2016-05-13 22:04:14'),(377,11,2,'7amoksha','2016-05-13 22:04:41'),(378,11,2,'3amel eh ya 7amoksha :D','2016-05-13 22:04:46'),(379,11,2,'wa7eshny ya zemely :D','2016-05-13 22:04:51'),(380,11,2,'nooooo','2016-05-13 22:04:55'),(381,11,2,'dont ever do this 3ashan mankekashhh mashy :D','2016-05-13 22:05:05'),(382,11,2,'ya3am el 3andak e3emelo yabn el mara el 3ars ya bn el mara el sehraya','2016-05-13 22:05:21'),(383,11,2,'try me :D','2016-05-13 22:05:45'),(384,11,2,'nooooooooo','2016-05-13 22:05:54'),(385,11,2,'much better :D','2016-05-13 22:06:08'),(386,10,2,'eh yad','2016-05-13 22:06:59'),(387,10,2,'beta3mel eh hena lol','2016-05-13 22:07:05'),(388,11,2,'wenta mal omak :D','2016-05-13 22:07:11'),(389,11,2,'okayy','2016-05-13 22:10:41'),(390,11,2,'done with the UI :D','2016-05-13 22:10:46'),(391,11,2,'looks good','2016-05-15 20:28:32'),(392,11,2,'hey','2016-05-15 20:28:43'),(393,11,2,'suppppppp','2016-05-15 20:29:12'),(394,11,2,'wedwed','2016-05-20 18:51:09'),(395,11,2,'hey','2016-05-20 19:01:10'),(396,11,2,'ddssd','2016-05-20 19:14:13'),(397,11,2,'ehhhh yaba','2016-05-20 19:14:23'),(398,10,2,'za7ef','2016-05-20 19:14:57'),(399,11,2,'eh yad','2016-05-20 19:22:33'),(400,11,2,'3amel eh','2016-05-20 19:22:39'),(401,11,2,'mashy :D','2016-05-20 19:25:13'),(402,10,2,'a7mar :D','2016-05-20 19:25:25'),(403,10,2,'hey','2016-05-20 21:40:53'),(404,10,2,'hey','2016-05-21 00:10:27'),(405,10,2,'sup','2016-05-21 13:03:48'),(406,9,2,'ehhhh','2016-05-21 14:19:19'),(407,9,2,'hey','2016-05-21 14:45:05');
/*!40000 ALTER TABLE `messages` ENABLE KEYS */;
UNLOCK TABLES;

--
-- Table structure for table `users`
--

DROP TABLE IF EXISTS `users`;
/*!40101 SET @saved_cs_client     = @@character_set_client */;
/*!40101 SET character_set_client = utf8 */;
CREATE TABLE `users` (
  `id` int(11) NOT NULL AUTO_INCREMENT,
  `first_name` varchar(45) NOT NULL,
  `last_name` varchar(45) NOT NULL,
  `profile_image` varchar(45) DEFAULT NULL,
  `shape` int(11) DEFAULT NULL,
  `color` int(11) DEFAULT NULL,
  `nick_name` varchar(45) NOT NULL,
  `x` int(11) DEFAULT NULL,
  `y` int(11) DEFAULT NULL,
  `current_map_id` int(11) DEFAULT NULL,
  `status` varchar(45) NOT NULL,
  `facebook_id` bigint(30) DEFAULT NULL,
  `speed` float NOT NULL DEFAULT '0.2',
  `frame_rate` int(11) NOT NULL DEFAULT '15',
  PRIMARY KEY (`id`),
  UNIQUE KEY `Id_UNIQUE` (`id`),
  KEY `user_to_current_map_idx` (`current_map_id`),
  CONSTRAINT `user_to_current_map` FOREIGN KEY (`current_map_id`) REFERENCES `map` (`id`) ON DELETE NO ACTION ON UPDATE NO ACTION
) ENGINE=InnoDB AUTO_INCREMENT=12 DEFAULT CHARSET=utf8;
/*!40101 SET character_set_client = @saved_cs_client */;

--
-- Dumping data for table `users`
--

LOCK TABLES `users` WRITE;
/*!40000 ALTER TABLE `users` DISABLE KEYS */;
INSERT INTO `users` VALUES (9,'Ahmed','Saab',NULL,2,1,'Ahmed',10,11,3,'online',1070288706355456,0.2,15),(10,'Osama','Mohammed',NULL,2,1,'Osama',22,6,2,'online',10154173187157704,0.2,15),(11,'Ahmed','Saab',NULL,2,6,'Ahmed',18,9,2,'online',1129454340438892,0.2,15);
/*!40000 ALTER TABLE `users` ENABLE KEYS */;
UNLOCK TABLES;
/*!40103 SET TIME_ZONE=@OLD_TIME_ZONE */;

/*!40101 SET SQL_MODE=@OLD_SQL_MODE */;
/*!40014 SET FOREIGN_KEY_CHECKS=@OLD_FOREIGN_KEY_CHECKS */;
/*!40014 SET UNIQUE_CHECKS=@OLD_UNIQUE_CHECKS */;
/*!40101 SET CHARACTER_SET_CLIENT=@OLD_CHARACTER_SET_CLIENT */;
/*!40101 SET CHARACTER_SET_RESULTS=@OLD_CHARACTER_SET_RESULTS */;
/*!40101 SET COLLATION_CONNECTION=@OLD_COLLATION_CONNECTION */;
/*!40111 SET SQL_NOTES=@OLD_SQL_NOTES */;

-- Dump completed on 2016-05-21 16:38:06
