-- MySQL dump 10.13  Distrib 5.7.9, for Win32 (AMD64)
--
-- Host: localhost    Database: chat
-- ------------------------------------------------------
-- Server version	5.7.11-log

/*!40101 SET @OLD_CHARACTER_SET_CLIENT=@@CHARACTER_SET_CLIENT */;
/*!40101 SET @OLD_CHARACTER_SET_RESULTS=@@CHARACTER_SET_RESULTS */;
/*!40101 SET @OLD_COLLATION_CONNECTION=@@COLLATION_CONNECTION */;
/*!40101 SET NAMES utf8 */;
/*!40103 SET @OLD_TIME_ZONE=@@TIME_ZONE */;
/*!40103 SET TIME_ZONE='+00:00' */;
/*!40014 SET @OLD_UNIQUE_CHECKS=@@UNIQUE_CHECKS, UNIQUE_CHECKS=0 */;
/*!40014 SET @OLD_FOREIGN_KEY_CHECKS=@@FOREIGN_KEY_CHECKS, FOREIGN_KEY_CHECKS=0 */;
/*!40101 SET @OLD_SQL_MODE=@@SQL_MODE, SQL_MODE='NO_AUTO_VALUE_ON_ZERO' */;
/*!40111 SET @OLD_SQL_NOTES=@@SQL_NOTES, SQL_NOTES=0 */;

--
-- Table structure for table `asset`
--

DROP TABLE IF EXISTS `asset`;
/*!40101 SET @saved_cs_client     = @@character_set_client */;
/*!40101 SET character_set_client = utf8 */;
CREATE TABLE `asset` (
  `id` int(11) NOT NULL AUTO_INCREMENT,
  `src` varchar(45) NOT NULL,
  `width` int(11) NOT NULL,
  `height` int(11) NOT NULL,
  `pixel_width` int(11) NOT NULL,
  `pixel_height` int(11) NOT NULL,
  PRIMARY KEY (`id`),
  UNIQUE KEY `id_UNIQUE` (`id`)
) ENGINE=InnoDB AUTO_INCREMENT=10 DEFAULT CHARSET=utf8;
/*!40101 SET character_set_client = @saved_cs_client */;

--
-- Dumping data for table `asset`
--

LOCK TABLES `asset` WRITE;
/*!40000 ALTER TABLE `asset` DISABLE KEYS */;
INSERT INTO `asset` VALUES (1,'pokemon_grass_tile.png',1,1,16,16),(2,'outlet.png',1,1,16,16),(3,'pokemon-center.png',5,6,89,112),(4,'light-green-circlular-tree.png',4,5,56,65),(5,'fancy-ground-green.png',1,1,48,48),(6,'tree-2.png',2,4,36,56),(7,'big-house-2.png',6,5,160,93),(8,'big-house.png',8,6,160,94),(9,'medium-house.png',5,6,115,100);
/*!40000 ALTER TABLE `asset` ENABLE KEYS */;
UNLOCK TABLES;

--
-- Table structure for table `map`
--

DROP TABLE IF EXISTS `map`;
/*!40101 SET @saved_cs_client     = @@character_set_client */;
/*!40101 SET character_set_client = utf8 */;
CREATE TABLE `map` (
  `id` int(11) NOT NULL AUTO_INCREMENT,
  `name` varchar(45) NOT NULL,
  `width` int(11) NOT NULL,
  `height` int(11) NOT NULL,
  PRIMARY KEY (`id`),
  UNIQUE KEY `id_UNIQUE` (`id`)
) ENGINE=InnoDB AUTO_INCREMENT=3 DEFAULT CHARSET=utf8;
/*!40101 SET character_set_client = @saved_cs_client */;

--
-- Dumping data for table `map`
--

LOCK TABLES `map` WRITE;
/*!40000 ALTER TABLE `map` DISABLE KEYS */;
INSERT INTO `map` VALUES (1,'Green Land 1',40,20),(2,'Green Land 2',40,20);
/*!40000 ALTER TABLE `map` ENABLE KEYS */;
UNLOCK TABLES;

--
-- Table structure for table `map_asset`
--

DROP TABLE IF EXISTS `map_asset`;
/*!40101 SET @saved_cs_client     = @@character_set_client */;
/*!40101 SET character_set_client = utf8 */;
CREATE TABLE `map_asset` (
  `id` int(11) NOT NULL AUTO_INCREMENT,
  `x` int(11) NOT NULL,
  `y` int(11) NOT NULL,
  `asset_id` int(11) NOT NULL,
  `map_id` int(11) NOT NULL,
  `navigation` varchar(45) DEFAULT NULL,
  `is_background` varchar(45) NOT NULL,
  PRIMARY KEY (`id`),
  KEY `map_id_idx` (`map_id`),
  KEY `asset_id_idx` (`asset_id`),
  CONSTRAINT `asset_id` FOREIGN KEY (`asset_id`) REFERENCES `asset` (`id`) ON DELETE NO ACTION ON UPDATE NO ACTION,
  CONSTRAINT `foreign_key_1` FOREIGN KEY (`map_id`) REFERENCES `map` (`id`) ON DELETE NO ACTION ON UPDATE NO ACTION
) ENGINE=InnoDB AUTO_INCREMENT=2521 DEFAULT CHARSET=utf8;
/*!40101 SET character_set_client = @saved_cs_client */;

--
-- Dumping data for table `map_asset`
--

LOCK TABLES `map_asset` WRITE;
/*!40000 ALTER TABLE `map_asset` DISABLE KEYS */;
INSERT INTO `map_asset` VALUES (1,0,10,1,1,'true','true'),(802,0,0,1,1,'true','true'),(803,0,1,1,1,'true','true'),(804,0,2,1,1,'true','true'),(805,0,3,1,1,'true','true'),(806,0,4,1,1,'true','true'),(807,0,5,1,1,'true','true'),(808,0,6,1,1,'true','true'),(809,0,7,1,1,'true','true'),(810,0,8,1,1,'true','true'),(811,0,9,1,1,'true','true'),(812,0,10,1,1,'true','true'),(813,0,11,1,1,'true','true'),(814,0,12,1,1,'true','true'),(815,0,13,1,1,'true','true'),(816,0,14,1,1,'true','true'),(817,0,15,1,1,'true','true'),(818,0,16,1,1,'true','true'),(819,0,17,1,1,'true','true'),(820,0,18,1,1,'true','true'),(821,0,19,1,1,'true','true'),(822,1,0,1,1,'true','true'),(823,1,1,1,1,'true','true'),(824,1,2,1,1,'true','true'),(825,1,3,1,1,'true','true'),(826,1,4,1,1,'true','true'),(827,1,5,1,1,'true','true'),(828,1,6,1,1,'true','true'),(829,1,7,1,1,'true','true'),(830,1,8,1,1,'true','true'),(831,1,9,1,1,'true','true'),(832,1,10,1,1,'true','true'),(833,1,11,1,1,'true','true'),(834,1,12,1,1,'true','true'),(835,1,13,1,1,'true','true'),(836,1,14,1,1,'true','true'),(837,1,15,1,1,'true','true'),(838,1,16,1,1,'true','true'),(839,1,17,1,1,'true','true'),(840,1,18,1,1,'true','true'),(841,1,19,1,1,'true','true'),(842,2,0,1,1,'true','true'),(843,2,1,1,1,'true','true'),(844,2,2,1,1,'true','true'),(845,2,3,1,1,'true','true'),(846,2,4,1,1,'true','true'),(847,2,5,1,1,'true','true'),(848,2,6,1,1,'true','true'),(849,2,7,1,1,'true','true'),(850,2,8,1,1,'true','true'),(851,2,9,1,1,'true','true'),(852,2,10,1,1,'true','true'),(853,2,11,1,1,'true','true'),(854,2,12,1,1,'true','true'),(855,2,13,1,1,'true','true'),(856,2,14,1,1,'true','true'),(857,2,15,1,1,'true','true'),(858,2,16,1,1,'true','true'),(859,2,17,1,1,'true','true'),(860,2,18,1,1,'true','true'),(861,2,19,1,1,'true','true'),(862,3,0,1,1,'true','true'),(863,3,1,1,1,'true','true'),(864,3,2,1,1,'true','true'),(865,3,3,1,1,'true','true'),(866,3,4,1,1,'true','true'),(867,3,5,1,1,'true','true'),(868,3,6,1,1,'true','true'),(869,3,7,1,1,'true','true'),(870,3,8,1,1,'true','true'),(871,3,9,1,1,'true','true'),(872,3,10,1,1,'true','true'),(873,3,11,1,1,'true','true'),(874,3,12,1,1,'true','true'),(875,3,13,1,1,'true','true'),(876,3,14,1,1,'true','true'),(877,3,15,1,1,'true','true'),(878,3,16,1,1,'true','true'),(879,3,17,1,1,'true','true'),(880,3,18,1,1,'true','true'),(881,3,19,1,1,'true','true'),(882,4,0,1,1,'true','true'),(883,4,1,1,1,'true','true'),(884,4,2,1,1,'true','true'),(885,4,3,1,1,'true','true'),(886,4,4,1,1,'true','true'),(887,4,5,1,1,'true','true'),(888,4,6,1,1,'true','true'),(889,4,7,1,1,'true','true'),(890,4,8,1,1,'true','true'),(891,4,9,1,1,'true','true'),(892,4,10,1,1,'true','true'),(893,4,11,1,1,'true','true'),(894,4,12,1,1,'true','true'),(895,4,13,1,1,'true','true'),(896,4,14,1,1,'true','true'),(897,4,15,1,1,'true','true'),(898,4,16,1,1,'true','true'),(899,4,17,1,1,'true','true'),(900,4,18,1,1,'true','true'),(901,4,19,1,1,'true','true'),(902,5,0,1,1,'true','true'),(903,5,1,1,1,'true','true'),(904,5,2,1,1,'true','true'),(905,5,3,1,1,'true','true'),(906,5,4,1,1,'true','true'),(907,5,5,1,1,'true','true'),(908,5,6,1,1,'true','true'),(909,5,7,1,1,'true','true'),(910,5,8,1,1,'true','true'),(911,5,9,1,1,'true','true'),(912,5,10,1,1,'true','true'),(913,5,11,1,1,'true','true'),(914,5,12,1,1,'true','true'),(915,5,13,1,1,'true','true'),(916,5,14,1,1,'true','true'),(917,5,15,1,1,'true','true'),(918,5,16,1,1,'true','true'),(919,5,17,1,1,'true','true'),(920,5,18,1,1,'true','true'),(921,5,19,1,1,'true','true'),(922,6,0,1,1,'true','true'),(923,6,1,1,1,'true','true'),(924,6,2,1,1,'true','true'),(925,6,3,1,1,'true','true'),(926,6,4,1,1,'true','true'),(927,6,5,1,1,'true','true'),(928,6,6,1,1,'true','true'),(929,6,7,1,1,'true','true'),(930,6,8,1,1,'true','true'),(931,6,9,1,1,'true','true'),(932,6,10,1,1,'true','true'),(933,6,11,1,1,'true','true'),(934,6,12,1,1,'true','true'),(935,6,13,1,1,'true','true'),(936,6,14,1,1,'true','true'),(937,6,15,1,1,'true','true'),(938,6,16,1,1,'true','true'),(939,6,17,1,1,'true','true'),(940,6,18,1,1,'true','true'),(941,6,19,1,1,'true','true'),(942,7,0,1,1,'true','true'),(943,7,1,1,1,'true','true'),(944,7,2,1,1,'true','true'),(945,7,3,1,1,'true','true'),(946,7,4,1,1,'true','true'),(947,7,5,1,1,'true','true'),(948,7,6,1,1,'true','true'),(949,7,7,1,1,'true','true'),(950,7,8,1,1,'true','true'),(951,7,9,1,1,'true','true'),(952,7,10,1,1,'true','true'),(953,7,11,1,1,'true','true'),(954,7,12,1,1,'true','true'),(955,7,13,1,1,'true','true'),(956,7,14,1,1,'true','true'),(957,7,15,1,1,'true','true'),(958,7,16,1,1,'true','true'),(959,7,17,1,1,'true','true'),(960,7,18,1,1,'true','true'),(961,7,19,1,1,'true','true'),(962,8,0,1,1,'true','true'),(963,8,1,1,1,'true','true'),(964,8,2,1,1,'true','true'),(965,8,3,1,1,'true','true'),(966,8,4,1,1,'true','true'),(967,8,5,1,1,'true','true'),(968,8,6,1,1,'true','true'),(969,8,7,1,1,'true','true'),(970,8,8,1,1,'true','true'),(971,8,9,1,1,'true','true'),(972,8,10,1,1,'true','true'),(973,8,11,1,1,'true','true'),(974,8,12,1,1,'true','true'),(975,8,13,1,1,'true','true'),(976,8,14,1,1,'true','true'),(977,8,15,1,1,'true','true'),(978,8,16,1,1,'true','true'),(979,8,17,1,1,'true','true'),(980,8,18,1,1,'true','true'),(981,8,19,1,1,'true','true'),(982,9,0,1,1,'true','true'),(983,9,1,1,1,'true','true'),(984,9,2,1,1,'true','true'),(985,9,3,1,1,'true','true'),(986,9,4,1,1,'true','true'),(987,9,5,1,1,'true','true'),(988,9,6,1,1,'true','true'),(989,9,7,1,1,'true','true'),(990,9,8,1,1,'true','true'),(991,9,9,1,1,'true','true'),(992,9,10,1,1,'true','true'),(993,9,11,1,1,'true','true'),(994,9,12,1,1,'true','true'),(995,9,13,1,1,'true','true'),(996,9,14,1,1,'true','true'),(997,9,15,1,1,'true','true'),(998,9,16,1,1,'true','true'),(999,9,17,1,1,'true','true'),(1000,9,18,1,1,'true','true'),(1001,9,19,1,1,'true','true'),(1002,10,0,1,1,'true','true'),(1003,10,1,1,1,'true','true'),(1004,10,2,1,1,'true','true'),(1005,10,3,1,1,'true','true'),(1006,10,4,1,1,'true','true'),(1007,10,5,1,1,'true','true'),(1008,10,6,1,1,'true','true'),(1009,10,7,1,1,'true','true'),(1010,10,8,1,1,'true','true'),(1011,10,9,1,1,'true','true'),(1012,10,10,1,1,'true','true'),(1013,10,11,1,1,'true','true'),(1014,10,12,1,1,'true','true'),(1015,10,13,1,1,'true','true'),(1016,10,14,1,1,'true','true'),(1017,10,15,1,1,'true','true'),(1018,10,16,1,1,'true','true'),(1019,10,17,1,1,'true','true'),(1020,10,18,1,1,'true','true'),(1021,10,19,1,1,'true','true'),(1022,11,0,1,1,'true','true'),(1023,11,1,1,1,'true','true'),(1024,11,2,1,1,'true','true'),(1025,11,3,1,1,'true','true'),(1026,11,4,1,1,'true','true'),(1027,11,5,1,1,'true','true'),(1028,11,6,1,1,'true','true'),(1029,11,7,1,1,'true','true'),(1030,11,8,1,1,'true','true'),(1031,11,9,1,1,'true','true'),(1032,11,10,1,1,'true','true'),(1033,11,11,1,1,'true','true'),(1034,11,12,1,1,'true','true'),(1035,11,13,1,1,'true','true'),(1036,11,14,1,1,'true','true'),(1037,11,15,1,1,'true','true'),(1038,11,16,1,1,'true','true'),(1039,11,17,1,1,'true','true'),(1040,11,18,1,1,'true','true'),(1041,11,19,1,1,'true','true'),(1042,12,0,1,1,'true','true'),(1043,12,1,1,1,'true','true'),(1044,12,2,1,1,'true','true'),(1045,12,3,1,1,'true','true'),(1046,12,4,1,1,'true','true'),(1047,12,5,1,1,'true','true'),(1048,12,6,1,1,'true','true'),(1049,12,7,1,1,'true','true'),(1050,12,8,1,1,'true','true'),(1051,12,9,1,1,'true','true'),(1052,12,10,1,1,'true','true'),(1053,12,11,1,1,'true','true'),(1054,12,12,1,1,'true','true'),(1055,12,13,1,1,'true','true'),(1056,12,14,1,1,'true','true'),(1057,12,15,1,1,'true','true'),(1058,12,16,1,1,'true','true'),(1059,12,17,1,1,'true','true'),(1060,12,18,1,1,'true','true'),(1061,12,19,1,1,'true','true'),(1062,13,0,1,1,'true','true'),(1063,13,1,1,1,'true','true'),(1064,13,2,1,1,'true','true'),(1065,13,3,1,1,'true','true'),(1066,13,4,1,1,'true','true'),(1067,13,5,1,1,'true','true'),(1068,13,6,1,1,'true','true'),(1069,13,7,1,1,'true','true'),(1070,13,8,1,1,'true','true'),(1071,13,9,1,1,'true','true'),(1072,13,10,1,1,'true','true'),(1073,13,11,1,1,'true','true'),(1074,13,12,1,1,'true','true'),(1075,13,13,1,1,'true','true'),(1076,13,14,1,1,'true','true'),(1077,13,15,1,1,'true','true'),(1078,13,16,1,1,'true','true'),(1079,13,17,1,1,'true','true'),(1080,13,18,1,1,'true','true'),(1081,13,19,1,1,'true','true'),(1082,14,0,1,1,'true','true'),(1083,14,1,1,1,'true','true'),(1084,14,2,1,1,'true','true'),(1085,14,3,1,1,'true','true'),(1086,14,4,1,1,'true','true'),(1087,14,5,1,1,'true','true'),(1088,14,6,1,1,'true','true'),(1089,14,7,1,1,'true','true'),(1090,14,8,1,1,'true','true'),(1091,14,9,1,1,'true','true'),(1092,14,10,1,1,'true','true'),(1093,14,11,1,1,'true','true'),(1094,14,12,1,1,'true','true'),(1095,14,13,1,1,'true','true'),(1096,14,14,1,1,'true','true'),(1097,14,15,1,1,'true','true'),(1098,14,16,1,1,'true','true'),(1099,14,17,1,1,'true','true'),(1100,14,18,1,1,'true','true'),(1101,14,19,1,1,'true','true'),(1102,15,0,1,1,'true','true'),(1103,15,1,1,1,'true','true'),(1104,15,2,1,1,'true','true'),(1105,15,3,1,1,'true','true'),(1106,15,4,1,1,'true','true'),(1107,15,5,1,1,'true','true'),(1108,15,6,1,1,'true','true'),(1109,15,7,1,1,'true','true'),(1110,15,8,1,1,'true','true'),(1111,15,9,1,1,'true','true'),(1112,15,10,1,1,'true','true'),(1113,15,11,1,1,'true','true'),(1114,15,12,1,1,'true','true'),(1115,15,13,1,1,'true','true'),(1116,15,14,1,1,'true','true'),(1117,15,15,1,1,'true','true'),(1118,15,16,1,1,'true','true'),(1119,15,17,1,1,'true','true'),(1120,15,18,1,1,'true','true'),(1121,15,19,1,1,'true','true'),(1122,16,0,1,1,'true','true'),(1123,16,1,1,1,'true','true'),(1124,16,2,1,1,'true','true'),(1125,16,3,1,1,'true','true'),(1126,16,4,1,1,'true','true'),(1127,16,5,1,1,'true','true'),(1128,16,6,1,1,'true','true'),(1129,16,7,1,1,'true','true'),(1130,16,8,1,1,'true','true'),(1131,16,9,1,1,'true','true'),(1132,16,10,1,1,'true','true'),(1133,16,11,1,1,'true','true'),(1134,16,12,1,1,'true','true'),(1135,16,13,1,1,'true','true'),(1136,16,14,1,1,'true','true'),(1137,16,15,1,1,'true','true'),(1138,16,16,1,1,'true','true'),(1139,16,17,1,1,'true','true'),(1140,16,18,1,1,'true','true'),(1141,16,19,1,1,'true','true'),(1142,17,0,1,1,'true','true'),(1143,17,1,1,1,'true','true'),(1144,17,2,1,1,'true','true'),(1145,17,3,1,1,'true','true'),(1146,17,4,1,1,'true','true'),(1147,17,5,1,1,'true','true'),(1148,17,6,1,1,'true','true'),(1149,17,7,1,1,'true','true'),(1150,17,8,1,1,'true','true'),(1151,17,9,1,1,'true','true'),(1152,17,10,1,1,'true','true'),(1153,17,11,1,1,'true','true'),(1154,17,12,1,1,'true','true'),(1155,17,13,1,1,'true','true'),(1156,17,14,1,1,'true','true'),(1157,17,15,1,1,'true','true'),(1158,17,16,1,1,'true','true'),(1159,17,17,1,1,'true','true'),(1160,17,18,1,1,'true','true'),(1161,17,19,1,1,'true','true'),(1162,18,0,1,1,'true','true'),(1163,18,1,1,1,'true','true'),(1164,18,2,1,1,'true','true'),(1165,18,3,1,1,'true','true'),(1166,18,4,1,1,'true','true'),(1167,18,5,1,1,'true','true'),(1168,18,6,1,1,'true','true'),(1169,18,7,1,1,'true','true'),(1170,18,8,1,1,'true','true'),(1171,18,9,1,1,'true','true'),(1172,18,10,1,1,'true','true'),(1173,18,11,1,1,'true','true'),(1174,18,12,1,1,'true','true'),(1175,18,13,1,1,'true','true'),(1176,18,14,1,1,'true','true'),(1177,18,15,1,1,'true','true'),(1178,18,16,1,1,'true','true'),(1179,18,17,1,1,'true','true'),(1180,18,18,1,1,'true','true'),(1181,18,19,1,1,'true','true'),(1182,19,0,1,1,'true','true'),(1183,19,1,1,1,'true','true'),(1184,19,2,1,1,'true','true'),(1185,19,3,1,1,'true','true'),(1186,19,4,1,1,'true','true'),(1187,19,5,1,1,'true','true'),(1188,19,6,1,1,'true','true'),(1189,19,7,1,1,'true','true'),(1190,19,8,1,1,'true','true'),(1191,19,9,1,1,'true','true'),(1192,19,10,1,1,'true','true'),(1193,19,11,1,1,'true','true'),(1194,19,12,1,1,'true','true'),(1195,19,13,1,1,'true','true'),(1196,19,14,1,1,'true','true'),(1197,19,15,1,1,'true','true'),(1198,19,16,1,1,'true','true'),(1199,19,17,1,1,'true','true'),(1200,19,18,1,1,'true','true'),(1201,19,19,1,1,'true','true'),(1202,20,0,1,1,'true','true'),(1203,20,1,1,1,'true','true'),(1204,20,2,1,1,'true','true'),(1205,20,3,1,1,'true','true'),(1206,20,4,1,1,'true','true'),(1207,20,5,1,1,'true','true'),(1208,20,6,1,1,'true','true'),(1209,20,7,1,1,'true','true'),(1210,20,8,1,1,'true','true'),(1211,20,9,1,1,'true','true'),(1212,20,10,1,1,'true','true'),(1213,20,11,1,1,'true','true'),(1214,20,12,1,1,'true','true'),(1215,20,13,1,1,'true','true'),(1216,20,14,1,1,'true','true'),(1217,20,15,1,1,'true','true'),(1218,20,16,1,1,'true','true'),(1219,20,17,1,1,'true','true'),(1220,20,18,1,1,'true','true'),(1221,20,19,1,1,'true','true'),(1222,21,0,1,1,'true','true'),(1223,21,1,1,1,'true','true'),(1224,21,2,1,1,'true','true'),(1225,21,3,1,1,'true','true'),(1226,21,4,1,1,'true','true'),(1227,21,5,1,1,'true','true'),(1228,21,6,1,1,'true','true'),(1229,21,7,1,1,'true','true'),(1230,21,8,1,1,'true','true'),(1231,21,9,1,1,'true','true'),(1232,21,10,1,1,'true','true'),(1233,21,11,1,1,'true','true'),(1234,21,12,1,1,'true','true'),(1235,21,13,1,1,'true','true'),(1236,21,14,1,1,'true','true'),(1237,21,15,1,1,'true','true'),(1238,21,16,1,1,'true','true'),(1239,21,17,1,1,'true','true'),(1240,21,18,1,1,'true','true'),(1241,21,19,1,1,'true','true'),(1242,22,0,1,1,'true','true'),(1243,22,1,1,1,'true','true'),(1244,22,2,1,1,'true','true'),(1245,22,3,1,1,'true','true'),(1246,22,4,1,1,'true','true'),(1247,22,5,1,1,'true','true'),(1248,22,6,1,1,'true','true'),(1249,22,7,1,1,'true','true'),(1250,22,8,1,1,'true','true'),(1251,22,9,1,1,'true','true'),(1252,22,10,1,1,'true','true'),(1253,22,11,1,1,'true','true'),(1254,22,12,1,1,'true','true'),(1255,22,13,1,1,'true','true'),(1256,22,14,1,1,'true','true'),(1257,22,15,1,1,'true','true'),(1258,22,16,1,1,'true','true'),(1259,22,17,1,1,'true','true'),(1260,22,18,1,1,'true','true'),(1261,22,19,1,1,'true','true'),(1262,23,0,1,1,'true','true'),(1263,23,1,1,1,'true','true'),(1264,23,2,1,1,'true','true'),(1265,23,3,1,1,'true','true'),(1266,23,4,1,1,'true','true'),(1267,23,5,1,1,'true','true'),(1268,23,6,1,1,'true','true'),(1269,23,7,1,1,'true','true'),(1270,23,8,1,1,'true','true'),(1271,23,9,1,1,'true','true'),(1272,23,10,1,1,'true','true'),(1273,23,11,1,1,'true','true'),(1274,23,12,1,1,'true','true'),(1275,23,13,1,1,'true','true'),(1276,23,14,1,1,'true','true'),(1277,23,15,1,1,'true','true'),(1278,23,16,1,1,'true','true'),(1279,23,17,1,1,'true','true'),(1280,23,18,1,1,'true','true'),(1281,23,19,1,1,'true','true'),(1282,24,0,1,1,'true','true'),(1283,24,1,1,1,'true','true'),(1284,24,2,1,1,'true','true'),(1285,24,3,1,1,'true','true'),(1286,24,4,1,1,'true','true'),(1287,24,5,1,1,'true','true'),(1288,24,6,1,1,'true','true'),(1289,24,7,1,1,'true','true'),(1290,24,8,1,1,'true','true'),(1291,24,9,1,1,'true','true'),(1292,24,10,1,1,'true','true'),(1293,24,11,1,1,'true','true'),(1294,24,12,1,1,'true','true'),(1295,24,13,1,1,'true','true'),(1296,24,14,1,1,'true','true'),(1297,24,15,1,1,'true','true'),(1298,24,16,1,1,'true','true'),(1299,24,17,1,1,'true','true'),(1300,24,18,1,1,'true','true'),(1301,24,19,1,1,'true','true'),(1302,25,0,1,1,'true','true'),(1303,25,1,1,1,'true','true'),(1304,25,2,1,1,'true','true'),(1305,25,3,1,1,'true','true'),(1306,25,4,1,1,'true','true'),(1307,25,5,1,1,'true','true'),(1308,25,6,1,1,'true','true'),(1309,25,7,1,1,'true','true'),(1310,25,8,1,1,'true','true'),(1311,25,9,1,1,'true','true'),(1312,25,10,1,1,'true','true'),(1313,25,11,1,1,'true','true'),(1314,25,12,1,1,'true','true'),(1315,25,13,1,1,'true','true'),(1316,25,14,1,1,'true','true'),(1317,25,15,1,1,'true','true'),(1318,25,16,1,1,'true','true'),(1319,25,17,1,1,'true','true'),(1320,25,18,1,1,'true','true'),(1321,25,19,1,1,'true','true'),(1322,26,0,1,1,'true','true'),(1323,26,1,1,1,'true','true'),(1324,26,2,1,1,'true','true'),(1325,26,3,1,1,'true','true'),(1326,26,4,1,1,'true','true'),(1327,26,5,1,1,'true','true'),(1328,26,6,1,1,'true','true'),(1329,26,7,1,1,'true','true'),(1330,26,8,1,1,'true','true'),(1331,26,9,1,1,'true','true'),(1332,26,10,1,1,'true','true'),(1333,26,11,1,1,'true','true'),(1334,26,12,1,1,'true','true'),(1335,26,13,1,1,'true','true'),(1336,26,14,1,1,'true','true'),(1337,26,15,1,1,'true','true'),(1338,26,16,1,1,'true','true'),(1339,26,17,1,1,'true','true'),(1340,26,18,1,1,'true','true'),(1341,26,19,1,1,'true','true'),(1342,27,0,1,1,'true','true'),(1343,27,1,1,1,'true','true'),(1344,27,2,1,1,'true','true'),(1345,27,3,1,1,'true','true'),(1346,27,4,1,1,'true','true'),(1347,27,5,1,1,'true','true'),(1348,27,6,1,1,'true','true'),(1349,27,7,1,1,'true','true'),(1350,27,8,1,1,'true','true'),(1351,27,9,1,1,'true','true'),(1352,27,10,1,1,'true','true'),(1353,27,11,1,1,'true','true'),(1354,27,12,1,1,'true','true'),(1355,27,13,1,1,'true','true'),(1356,27,14,1,1,'true','true'),(1357,27,15,1,1,'true','true'),(1358,27,16,1,1,'true','true'),(1359,27,17,1,1,'true','true'),(1360,27,18,1,1,'true','true'),(1361,27,19,1,1,'true','true'),(1362,28,0,1,1,'true','true'),(1363,28,1,1,1,'true','true'),(1364,28,2,1,1,'true','true'),(1365,28,3,1,1,'true','true'),(1366,28,4,1,1,'true','true'),(1367,28,5,1,1,'true','true'),(1368,28,6,1,1,'true','true'),(1369,28,7,1,1,'true','true'),(1370,28,8,1,1,'true','true'),(1371,28,9,1,1,'true','true'),(1372,28,10,1,1,'true','true'),(1373,28,11,1,1,'true','true'),(1374,28,12,1,1,'true','true'),(1375,28,13,1,1,'true','true'),(1376,28,14,1,1,'true','true'),(1377,28,15,1,1,'true','true'),(1378,28,16,1,1,'true','true'),(1379,28,17,1,1,'true','true'),(1380,28,18,1,1,'true','true'),(1381,28,19,1,1,'true','true'),(1382,29,0,1,1,'true','true'),(1383,29,1,1,1,'true','true'),(1384,29,2,1,1,'true','true'),(1385,29,3,1,1,'true','true'),(1386,29,4,1,1,'true','true'),(1387,29,5,1,1,'true','true'),(1388,29,6,1,1,'true','true'),(1389,29,7,1,1,'true','true'),(1390,29,8,1,1,'true','true'),(1391,29,9,1,1,'true','true'),(1392,29,10,1,1,'true','true'),(1393,29,11,1,1,'true','true'),(1394,29,12,1,1,'true','true'),(1395,29,13,1,1,'true','true'),(1396,29,14,1,1,'true','true'),(1397,29,15,1,1,'true','true'),(1398,29,16,1,1,'true','true'),(1399,29,17,1,1,'true','true'),(1400,29,18,1,1,'true','true'),(1401,29,19,1,1,'true','true'),(1402,30,0,1,1,'true','true'),(1403,30,1,1,1,'true','true'),(1404,30,2,1,1,'true','true'),(1405,30,3,1,1,'true','true'),(1406,30,4,1,1,'true','true'),(1407,30,5,1,1,'true','true'),(1408,30,6,1,1,'true','true'),(1409,30,7,1,1,'true','true'),(1410,30,8,1,1,'true','true'),(1411,30,9,1,1,'true','true'),(1412,30,10,1,1,'true','true'),(1413,30,11,1,1,'true','true'),(1414,30,12,1,1,'true','true'),(1415,30,13,1,1,'true','true'),(1416,30,14,1,1,'true','true'),(1417,30,15,1,1,'true','true'),(1418,30,16,1,1,'true','true'),(1419,30,17,1,1,'true','true'),(1420,30,18,1,1,'true','true'),(1421,30,19,1,1,'true','true'),(1422,31,0,1,1,'true','true'),(1423,31,1,1,1,'true','true'),(1424,31,2,1,1,'true','true'),(1425,31,3,1,1,'true','true'),(1426,31,4,1,1,'true','true'),(1427,31,5,1,1,'true','true'),(1428,31,6,1,1,'true','true'),(1429,31,7,1,1,'true','true'),(1430,31,8,1,1,'true','true'),(1431,31,9,1,1,'true','true'),(1432,31,10,1,1,'true','true'),(1433,31,11,1,1,'true','true'),(1434,31,12,1,1,'true','true'),(1435,31,13,1,1,'true','true'),(1436,31,14,1,1,'true','true'),(1437,31,15,1,1,'true','true'),(1438,31,16,1,1,'true','true'),(1439,31,17,1,1,'true','true'),(1440,31,18,1,1,'true','true'),(1441,31,19,1,1,'true','true'),(1442,32,0,1,1,'true','true'),(1443,32,1,1,1,'true','true'),(1444,32,2,1,1,'true','true'),(1445,32,3,1,1,'true','true'),(1446,32,4,1,1,'true','true'),(1447,32,5,1,1,'true','true'),(1448,32,6,1,1,'true','true'),(1449,32,7,1,1,'true','true'),(1450,32,8,1,1,'true','true'),(1451,32,9,1,1,'true','true'),(1452,32,10,1,1,'true','true'),(1453,32,11,1,1,'true','true'),(1454,32,12,1,1,'true','true'),(1455,32,13,1,1,'true','true'),(1456,32,14,1,1,'true','true'),(1457,32,15,1,1,'true','true'),(1458,32,16,1,1,'true','true'),(1459,32,17,1,1,'true','true'),(1460,32,18,1,1,'true','true'),(1461,32,19,1,1,'true','true'),(1462,33,0,1,1,'true','true'),(1463,33,1,1,1,'true','true'),(1464,33,2,1,1,'true','true'),(1465,33,3,1,1,'true','true'),(1466,33,4,1,1,'true','true'),(1467,33,5,1,1,'true','true'),(1468,33,6,1,1,'true','true'),(1469,33,7,1,1,'true','true'),(1470,33,8,1,1,'true','true'),(1471,33,9,1,1,'true','true'),(1472,33,10,1,1,'true','true'),(1473,33,11,1,1,'true','true'),(1474,33,12,1,1,'true','true'),(1475,33,13,1,1,'true','true'),(1476,33,14,1,1,'true','true'),(1477,33,15,1,1,'true','true'),(1478,33,16,1,1,'true','true'),(1479,33,17,1,1,'true','true'),(1480,33,18,1,1,'true','true'),(1481,33,19,1,1,'true','true'),(1482,34,0,1,1,'true','true'),(1483,34,1,1,1,'true','true'),(1484,34,2,1,1,'true','true'),(1485,34,3,1,1,'true','true'),(1486,34,4,1,1,'true','true'),(1487,34,5,1,1,'true','true'),(1488,34,6,1,1,'true','true'),(1489,34,7,1,1,'true','true'),(1490,34,8,1,1,'true','true'),(1491,34,9,1,1,'true','true'),(1492,34,10,1,1,'true','true'),(1493,34,11,1,1,'true','true'),(1494,34,12,1,1,'true','true'),(1495,34,13,1,1,'true','true'),(1496,34,14,1,1,'true','true'),(1497,34,15,1,1,'true','true'),(1498,34,16,1,1,'true','true'),(1499,34,17,1,1,'true','true'),(1500,34,18,1,1,'true','true'),(1501,34,19,1,1,'true','true'),(1502,35,0,1,1,'true','true'),(1503,35,1,1,1,'true','true'),(1504,35,2,1,1,'true','true'),(1505,35,3,1,1,'true','true'),(1506,35,4,1,1,'true','true'),(1507,35,5,1,1,'true','true'),(1508,35,6,1,1,'true','true'),(1509,35,7,1,1,'true','true'),(1510,35,8,1,1,'true','true'),(1511,35,9,1,1,'true','true'),(1512,35,10,1,1,'true','true'),(1513,35,11,1,1,'true','true'),(1514,35,12,1,1,'true','true'),(1515,35,13,1,1,'true','true'),(1516,35,14,1,1,'true','true'),(1517,35,15,1,1,'true','true'),(1518,35,16,1,1,'true','true'),(1519,35,17,1,1,'true','true'),(1520,35,18,1,1,'true','true'),(1521,35,19,1,1,'true','true'),(1522,36,0,1,1,'true','true'),(1523,36,1,1,1,'true','true'),(1524,36,2,1,1,'true','true'),(1525,36,3,1,1,'true','true'),(1526,36,4,1,1,'true','true'),(1527,36,5,1,1,'true','true'),(1528,36,6,1,1,'true','true'),(1529,36,7,1,1,'true','true'),(1530,36,8,1,1,'true','true'),(1531,36,9,1,1,'true','true'),(1532,36,10,1,1,'true','true'),(1533,36,11,1,1,'true','true'),(1534,36,12,1,1,'true','true'),(1535,36,13,1,1,'true','true'),(1536,36,14,1,1,'true','true'),(1537,36,15,1,1,'true','true'),(1538,36,16,1,1,'true','true'),(1539,36,17,1,1,'true','true'),(1540,36,18,1,1,'true','true'),(1541,36,19,1,1,'true','true'),(1542,37,0,1,1,'true','true'),(1543,37,1,1,1,'true','true'),(1544,37,2,1,1,'true','true'),(1545,37,3,1,1,'true','true'),(1546,37,4,1,1,'true','true'),(1547,37,5,1,1,'true','true'),(1548,37,6,1,1,'true','true'),(1549,37,7,1,1,'true','true'),(1550,37,8,1,1,'true','true'),(1551,37,9,1,1,'true','true'),(1552,37,10,1,1,'true','true'),(1553,37,11,1,1,'true','true'),(1554,37,12,1,1,'true','true'),(1555,37,13,1,1,'true','true'),(1556,37,14,1,1,'true','true'),(1557,37,15,1,1,'true','true'),(1558,37,16,1,1,'true','true'),(1559,37,17,1,1,'true','true'),(1560,37,18,1,1,'true','true'),(1561,37,19,1,1,'true','true'),(1562,38,0,1,1,'true','true'),(1563,38,1,1,1,'true','true'),(1564,38,2,1,1,'true','true'),(1565,38,3,1,1,'true','true'),(1566,38,4,1,1,'true','true'),(1567,38,5,1,1,'true','true'),(1568,38,6,1,1,'true','true'),(1569,38,7,1,1,'true','true'),(1570,38,8,1,1,'true','true'),(1571,38,9,1,1,'true','true'),(1572,38,10,1,1,'true','true'),(1573,38,11,1,1,'true','true'),(1574,38,12,1,1,'true','true'),(1575,38,13,1,1,'true','true'),(1576,38,14,1,1,'true','true'),(1577,38,15,1,1,'true','true'),(1578,38,16,1,1,'true','true'),(1579,38,17,1,1,'true','true'),(1580,38,18,1,1,'true','true'),(1581,38,19,1,1,'true','true'),(1582,39,0,1,1,'true','true'),(1583,39,1,1,1,'true','true'),(1584,39,2,1,1,'true','true'),(1585,39,3,1,1,'true','true'),(1586,39,4,1,1,'true','true'),(1587,39,5,1,1,'true','true'),(1588,39,6,1,1,'true','true'),(1589,39,7,1,1,'true','true'),(1590,39,8,1,1,'true','true'),(1591,39,9,2,1,NULL,'true'),(1592,39,10,2,1,NULL,'true'),(1593,39,11,2,1,NULL,'true'),(1594,39,12,1,1,'true','true'),(1595,39,13,1,1,'true','true'),(1596,39,14,1,1,'true','true'),(1597,39,15,1,1,'true','true'),(1598,39,16,1,1,'true','true'),(1599,39,17,1,1,'true','true'),(1600,39,18,1,1,'true','true'),(1601,39,19,1,1,'true','true'),(1602,0,0,1,2,'true','true'),(1603,0,1,1,2,'true','true'),(1604,0,2,1,2,'true','true'),(1605,0,3,1,2,'true','true'),(1606,0,4,1,2,'true','true'),(1607,0,5,1,2,'true','true'),(1608,0,6,1,2,'true','true'),(1609,0,7,1,2,'true','true'),(1610,0,8,1,2,'true','true'),(1611,0,9,2,2,NULL,'true'),(1612,0,10,2,2,NULL,'true'),(1613,0,11,2,2,NULL,'true'),(1614,0,12,1,2,'true','true'),(1615,0,13,1,2,'true','true'),(1616,0,14,1,2,'true','true'),(1617,0,15,1,2,'true','true'),(1618,0,16,1,2,'true','true'),(1619,0,17,1,2,'true','true'),(1620,0,18,1,2,'true','true'),(1621,0,19,1,2,'true','true'),(1622,1,0,1,2,'true','true'),(1623,1,1,1,2,'true','true'),(1624,1,2,1,2,'true','true'),(1625,1,3,1,2,'true','true'),(1626,1,4,1,2,'true','true'),(1627,1,5,1,2,'true','true'),(1628,1,6,1,2,'true','true'),(1629,1,7,1,2,'true','true'),(1630,1,8,1,2,'true','true'),(1631,1,9,2,2,'true','true'),(1632,1,10,2,2,'true','true'),(1633,1,11,2,2,'true','true'),(1634,1,12,1,2,'true','true'),(1635,1,13,1,2,'true','true'),(1636,1,14,1,2,'true','true'),(1637,1,15,1,2,'true','true'),(1638,1,16,1,2,'true','true'),(1639,1,17,1,2,'true','true'),(1640,1,18,1,2,'true','true'),(1641,1,19,1,2,'true','true'),(1642,2,0,1,2,'true','true'),(1643,2,1,1,2,'true','true'),(1644,2,2,1,2,'true','true'),(1645,2,3,1,2,'true','true'),(1646,2,4,1,2,'true','true'),(1647,2,5,1,2,'true','true'),(1648,2,6,1,2,'true','true'),(1649,2,7,1,2,'true','true'),(1650,2,8,1,2,'true','true'),(1651,2,9,2,2,'true','true'),(1652,2,10,2,2,'true','true'),(1653,2,11,2,2,'true','true'),(1654,2,12,1,2,'true','true'),(1655,2,13,1,2,'true','true'),(1656,2,14,1,2,'true','true'),(1657,2,15,1,2,'true','true'),(1658,2,16,1,2,'true','true'),(1659,2,17,1,2,'true','true'),(1660,2,18,1,2,'true','true'),(1661,2,19,1,2,'true','true'),(1662,3,0,1,2,'true','true'),(1663,3,1,1,2,'true','true'),(1664,3,2,1,2,'true','true'),(1665,3,3,1,2,'true','true'),(1666,3,4,1,2,'true','true'),(1667,3,5,1,2,'true','true'),(1668,3,6,1,2,'true','true'),(1669,3,7,1,2,'true','true'),(1670,3,8,1,2,'true','true'),(1671,3,9,2,2,'true','true'),(1672,3,10,2,2,'true','true'),(1673,3,11,2,2,'true','true'),(1674,3,12,1,2,'true','true'),(1675,3,13,1,2,'true','true'),(1676,3,14,1,2,'true','true'),(1677,3,15,1,2,'true','true'),(1678,3,16,1,2,'true','true'),(1679,3,17,1,2,'true','true'),(1680,3,18,1,2,'true','true'),(1681,3,19,1,2,'true','true'),(1682,4,0,1,2,'true','true'),(1683,4,1,1,2,'true','true'),(1684,4,2,1,2,'true','true'),(1685,4,3,1,2,'true','true'),(1686,4,4,1,2,'true','true'),(1687,4,5,1,2,'true','true'),(1688,4,6,1,2,'true','true'),(1689,4,7,1,2,'true','true'),(1690,4,8,1,2,'true','true'),(1691,4,9,2,2,'true','true'),(1692,4,10,2,2,'true','true'),(1693,4,11,2,2,'true','true'),(1694,4,12,1,2,'true','true'),(1695,4,13,1,2,'true','true'),(1696,4,14,1,2,'true','true'),(1697,4,15,1,2,'true','true'),(1698,4,16,1,2,'true','true'),(1699,4,17,1,2,'true','true'),(1700,4,18,1,2,'true','true'),(1701,4,19,1,2,'true','true'),(1702,5,0,1,2,'true','true'),(1703,5,1,1,2,'true','true'),(1704,5,2,1,2,'true','true'),(1705,5,3,1,2,'true','true'),(1706,5,4,1,2,'true','true'),(1707,5,5,1,2,'true','true'),(1708,5,6,1,2,'true','true'),(1709,5,7,1,2,'true','true'),(1710,5,8,1,2,'true','true'),(1711,5,9,2,2,'true','true'),(1712,5,10,2,2,'true','true'),(1713,5,11,2,2,'true','true'),(1714,5,12,1,2,'true','true'),(1715,5,13,1,2,'true','true'),(1716,5,14,1,2,'true','true'),(1717,5,15,1,2,'true','true'),(1718,5,16,1,2,'true','true'),(1719,5,17,1,2,'true','true'),(1720,5,18,1,2,'true','true'),(1721,5,19,1,2,'true','true'),(1722,6,0,1,2,'true','true'),(1723,6,1,1,2,'true','true'),(1724,6,2,1,2,'true','true'),(1725,6,3,1,2,'true','true'),(1726,6,4,1,2,'true','true'),(1727,6,5,1,2,'true','true'),(1728,6,6,1,2,'true','true'),(1729,6,7,1,2,'true','true'),(1730,6,8,1,2,'true','true'),(1731,6,9,2,2,'true','true'),(1732,6,10,2,2,'true','true'),(1733,6,11,2,2,'true','true'),(1734,6,12,1,2,'true','true'),(1735,6,13,1,2,'true','true'),(1736,6,14,1,2,'true','true'),(1737,6,15,1,2,'true','true'),(1738,6,16,1,2,'true','true'),(1739,6,17,1,2,'true','true'),(1740,6,18,1,2,'true','true'),(1741,6,19,1,2,'true','true'),(1742,7,0,1,2,'true','true'),(1743,7,1,1,2,'true','true'),(1744,7,2,1,2,'true','true'),(1745,7,3,1,2,'true','true'),(1746,7,4,1,2,'true','true'),(1747,7,5,1,2,'true','true'),(1748,7,6,1,2,'true','true'),(1749,7,7,1,2,'true','true'),(1750,7,8,1,2,'true','true'),(1751,7,9,2,2,'true','true'),(1752,7,10,2,2,'true','true'),(1753,7,11,2,2,'true','true'),(1754,7,12,1,2,'true','true'),(1755,7,13,1,2,'true','true'),(1756,7,14,1,2,'true','true'),(1757,7,15,1,2,'true','true'),(1758,7,16,1,2,'true','true'),(1759,7,17,1,2,'true','true'),(1760,7,18,1,2,'true','true'),(1761,7,19,1,2,'true','true'),(1762,8,0,1,2,'true','true'),(1763,8,1,1,2,'true','true'),(1764,8,2,1,2,'true','true'),(1765,8,3,1,2,'true','true'),(1766,8,4,1,2,'true','true'),(1767,8,5,1,2,'true','true'),(1768,8,6,1,2,'true','true'),(1769,8,7,1,2,'true','true'),(1770,8,8,1,2,'true','true'),(1771,8,9,2,2,'true','true'),(1772,8,10,2,2,'true','true'),(1773,8,11,2,2,'true','true'),(1774,8,12,1,2,'true','true'),(1775,8,13,1,2,'true','true'),(1776,8,14,1,2,'true','true'),(1777,8,15,1,2,'true','true'),(1778,8,16,1,2,'true','true'),(1779,8,17,1,2,'true','true'),(1780,8,18,1,2,'true','true'),(1781,8,19,1,2,'true','true'),(1782,9,0,1,2,'true','true'),(1783,9,1,1,2,'true','true'),(1784,9,2,1,2,'true','true'),(1785,9,3,1,2,'true','true'),(1786,9,4,1,2,'true','true'),(1787,9,5,1,2,'true','true'),(1788,9,6,1,2,'true','true'),(1789,9,7,1,2,'true','true'),(1790,9,8,1,2,'true','true'),(1791,9,9,2,2,'true','true'),(1792,9,10,2,2,'true','true'),(1793,9,11,2,2,'true','true'),(1794,9,12,1,2,'true','true'),(1795,9,13,1,2,'true','true'),(1796,9,14,1,2,'true','true'),(1797,9,15,1,2,'true','true'),(1798,9,16,1,2,'true','true'),(1799,9,17,1,2,'true','true'),(1800,9,18,1,2,'true','true'),(1801,9,19,1,2,'true','true'),(1802,10,0,1,2,'true','true'),(1803,10,1,1,2,'true','true'),(1804,10,2,1,2,'true','true'),(1805,10,3,1,2,'true','true'),(1806,10,4,1,2,'true','true'),(1807,10,5,1,2,'true','true'),(1808,10,6,1,2,'true','true'),(1809,10,7,1,2,'true','true'),(1810,10,8,1,2,'true','true'),(1811,10,9,2,2,'true','true'),(1812,10,10,2,2,'true','true'),(1813,10,11,2,2,'true','true'),(1814,10,12,1,2,'true','true'),(1815,10,13,1,2,'true','true'),(1816,10,14,1,2,'true','true'),(1817,10,15,1,2,'true','true'),(1818,10,16,1,2,'true','true'),(1819,10,17,1,2,'true','true'),(1820,10,18,1,2,'true','true'),(1821,10,19,1,2,'true','true'),(1822,11,0,1,2,'true','true'),(1823,11,1,1,2,'true','true'),(1824,11,2,1,2,'true','true'),(1825,11,3,1,2,'true','true'),(1826,11,4,1,2,'true','true'),(1827,11,5,1,2,'true','true'),(1828,11,6,1,2,'true','true'),(1829,11,7,1,2,'true','true'),(1830,11,8,1,2,'true','true'),(1831,11,9,2,2,'true','true'),(1832,11,10,2,2,'true','true'),(1833,11,11,2,2,'true','true'),(1834,11,12,1,2,'true','true'),(1835,11,13,1,2,'true','true'),(1836,11,14,1,2,'true','true'),(1837,11,15,1,2,'true','true'),(1838,11,16,1,2,'true','true'),(1839,11,17,1,2,'true','true'),(1840,11,18,1,2,'true','true'),(1841,11,19,1,2,'true','true'),(1842,12,0,1,2,'true','true'),(1843,12,1,1,2,'true','true'),(1844,12,2,1,2,'true','true'),(1845,12,3,1,2,'true','true'),(1846,12,4,1,2,'true','true'),(1847,12,5,1,2,'true','true'),(1848,12,6,1,2,'true','true'),(1849,12,7,1,2,'true','true'),(1850,12,8,1,2,'true','true'),(1851,12,9,2,2,'true','true'),(1852,12,10,2,2,'true','true'),(1853,12,11,2,2,'true','true'),(1854,12,12,1,2,'true','true'),(1855,12,13,1,2,'true','true'),(1856,12,14,1,2,'true','true'),(1857,12,15,1,2,'true','true'),(1858,12,16,1,2,'true','true'),(1859,12,17,1,2,'true','true'),(1860,12,18,1,2,'true','true'),(1861,12,19,1,2,'true','true'),(1862,13,0,1,2,'true','true'),(1863,13,1,1,2,'true','true'),(1864,13,2,1,2,'true','true'),(1865,13,3,1,2,'true','true'),(1866,13,4,1,2,'true','true'),(1867,13,5,1,2,'true','true'),(1868,13,6,1,2,'true','true'),(1869,13,7,1,2,'true','true'),(1870,13,8,1,2,'true','true'),(1871,13,9,2,2,'true','true'),(1872,13,10,2,2,'true','true'),(1873,13,11,2,2,'true','true'),(1874,13,12,1,2,'true','true'),(1875,13,13,1,2,'true','true'),(1876,13,14,1,2,'true','true'),(1877,13,15,1,2,'true','true'),(1878,13,16,1,2,'true','true'),(1879,13,17,1,2,'true','true'),(1880,13,18,1,2,'true','true'),(1881,13,19,1,2,'true','true'),(1882,14,0,1,2,'true','true'),(1883,14,1,1,2,'true','true'),(1884,14,2,1,2,'true','true'),(1885,14,3,1,2,'true','true'),(1886,14,4,1,2,'true','true'),(1887,14,5,1,2,'true','true'),(1888,14,6,1,2,'true','true'),(1889,14,7,1,2,'true','true'),(1890,14,8,1,2,'true','true'),(1891,14,9,2,2,'true','true'),(1892,14,10,2,2,'true','true'),(1893,14,11,2,2,'true','true'),(1894,14,12,1,2,'true','true'),(1895,14,13,1,2,'true','true'),(1896,14,14,1,2,'true','true'),(1897,14,15,1,2,'true','true'),(1898,14,16,1,2,'true','true'),(1899,14,17,1,2,'true','true'),(1900,14,18,1,2,'true','true'),(1901,14,19,1,2,'true','true'),(1902,15,0,1,2,'true','true'),(1903,15,1,1,2,'true','true'),(1904,15,2,1,2,'true','true'),(1905,15,3,1,2,'true','true'),(1906,15,4,1,2,'true','true'),(1907,15,5,1,2,'true','true'),(1908,15,6,1,2,'true','true'),(1909,15,7,1,2,'true','true'),(1910,15,8,1,2,'true','true'),(1911,15,9,2,2,'true','true'),(1912,15,10,2,2,'true','true'),(1913,15,11,2,2,'true','true'),(1914,15,12,1,2,'true','true'),(1915,15,13,1,2,'true','true'),(1916,15,14,1,2,'true','true'),(1917,15,15,1,2,'true','true'),(1918,15,16,1,2,'true','true'),(1919,15,17,1,2,'true','true'),(1920,15,18,1,2,'true','true'),(1921,15,19,1,2,'true','true'),(1922,16,0,1,2,'true','true'),(1923,16,1,1,2,'true','true'),(1924,16,2,1,2,'true','true'),(1925,16,3,1,2,'true','true'),(1926,16,4,1,2,'true','true'),(1927,16,5,1,2,'true','true'),(1928,16,6,1,2,'true','true'),(1929,16,7,1,2,'true','true'),(1930,16,8,1,2,'true','true'),(1931,16,9,2,2,'true','true'),(1932,16,10,2,2,'true','true'),(1933,16,11,2,2,'true','true'),(1934,16,12,1,2,'true','true'),(1935,16,13,1,2,'true','true'),(1936,16,14,1,2,'true','true'),(1937,16,15,1,2,'true','true'),(1938,16,16,1,2,'true','true'),(1939,16,17,1,2,'true','true'),(1940,16,18,1,2,'true','true'),(1941,16,19,1,2,'true','true'),(1942,17,0,1,2,'true','true'),(1943,17,1,1,2,'true','true'),(1944,17,2,1,2,'true','true'),(1945,17,3,1,2,'true','true'),(1946,17,4,1,2,'true','true'),(1947,17,5,1,2,'true','true'),(1948,17,6,1,2,'true','true'),(1949,17,7,1,2,'true','true'),(1950,17,8,1,2,'true','true'),(1951,17,9,2,2,'true','true'),(1952,17,10,2,2,'true','true'),(1953,17,11,2,2,'true','true'),(1954,17,12,1,2,'true','true'),(1955,17,13,1,2,'true','true'),(1956,17,14,1,2,'true','true'),(1957,17,15,1,2,'true','true'),(1958,17,16,1,2,'true','true'),(1959,17,17,1,2,'true','true'),(1960,17,18,1,2,'true','true'),(1961,17,19,1,2,'true','true'),(1962,18,0,1,2,'true','true'),(1963,18,1,1,2,'true','true'),(1964,18,2,1,2,'true','true'),(1965,18,3,1,2,'true','true'),(1966,18,4,1,2,'true','true'),(1967,18,5,1,2,'true','true'),(1968,18,6,1,2,'true','true'),(1969,18,7,1,2,'true','true'),(1970,18,8,1,2,'true','true'),(1971,18,9,2,2,'true','true'),(1972,18,10,2,2,'true','true'),(1973,18,11,2,2,'true','true'),(1974,18,12,1,2,'true','true'),(1975,18,13,1,2,'true','true'),(1976,18,14,1,2,'true','true'),(1977,18,15,1,2,'true','true'),(1978,18,16,1,2,'true','true'),(1979,18,17,1,2,'true','true'),(1980,18,18,1,2,'true','true'),(1981,18,19,1,2,'true','true'),(1982,19,0,1,2,'true','true'),(1983,19,1,1,2,'true','true'),(1984,19,2,1,2,'true','true'),(1985,19,3,1,2,'true','true'),(1986,19,4,1,2,'true','true'),(1987,19,5,1,2,'true','true'),(1988,19,6,1,2,'true','true'),(1989,19,7,1,2,'true','true'),(1990,19,8,1,2,'true','true'),(1991,19,9,2,2,'true','true'),(1992,19,10,2,2,'true','true'),(1993,19,11,2,2,'true','true'),(1994,19,12,1,2,'true','true'),(1995,19,13,1,2,'true','true'),(1996,19,14,1,2,'true','true'),(1997,19,15,1,2,'true','true'),(1998,19,16,1,2,'true','true'),(1999,19,17,1,2,'true','true'),(2000,19,18,1,2,'true','true'),(2001,19,19,1,2,'true','true'),(2002,20,0,1,2,'true','true'),(2003,20,1,1,2,'true','true'),(2004,20,2,1,2,'true','true'),(2005,20,3,1,2,'true','true'),(2006,20,4,1,2,'true','true'),(2007,20,5,1,2,'true','true'),(2008,20,6,1,2,'true','true'),(2009,20,7,1,2,'true','true'),(2010,20,8,1,2,'true','true'),(2011,20,9,2,2,'true','true'),(2012,20,10,2,2,'true','true'),(2013,20,11,2,2,'true','true'),(2014,20,12,1,2,'true','true'),(2015,20,13,1,2,'true','true'),(2016,20,14,1,2,'true','true'),(2017,20,15,1,2,'true','true'),(2018,20,16,1,2,'true','true'),(2019,20,17,1,2,'true','true'),(2020,20,18,1,2,'true','true'),(2021,20,19,1,2,'true','true'),(2022,21,0,1,2,'true','true'),(2023,21,1,1,2,'true','true'),(2024,21,2,1,2,'true','true'),(2025,21,3,1,2,'true','true'),(2026,21,4,1,2,'true','true'),(2027,21,5,1,2,'true','true'),(2028,21,6,1,2,'true','true'),(2029,21,7,1,2,'true','true'),(2030,21,8,1,2,'true','true'),(2031,21,9,2,2,'true','true'),(2032,21,10,2,2,'true','true'),(2033,21,11,2,2,'true','true'),(2034,21,12,1,2,'true','true'),(2035,21,13,1,2,'true','true'),(2036,21,14,1,2,'true','true'),(2037,21,15,1,2,'true','true'),(2038,21,16,1,2,'true','true'),(2039,21,17,1,2,'true','true'),(2040,21,18,1,2,'true','true'),(2041,21,19,1,2,'true','true'),(2042,22,0,1,2,'true','true'),(2043,22,1,1,2,'true','true'),(2044,22,2,1,2,'true','true'),(2045,22,3,1,2,'true','true'),(2046,22,4,1,2,'true','true'),(2047,22,5,1,2,'true','true'),(2048,22,6,1,2,'true','true'),(2049,22,7,1,2,'true','true'),(2050,22,8,1,2,'true','true'),(2051,22,9,2,2,'true','true'),(2052,22,10,2,2,'true','true'),(2053,22,11,2,2,'true','true'),(2054,22,12,1,2,'true','true'),(2055,22,13,1,2,'true','true'),(2056,22,14,1,2,'true','true'),(2057,22,15,1,2,'true','true'),(2058,22,16,1,2,'true','true'),(2059,22,17,1,2,'true','true'),(2060,22,18,1,2,'true','true'),(2061,22,19,1,2,'true','true'),(2062,23,0,1,2,'true','true'),(2063,23,1,1,2,'true','true'),(2064,23,2,1,2,'true','true'),(2065,23,3,1,2,'true','true'),(2066,23,4,1,2,'true','true'),(2067,23,5,1,2,'true','true'),(2068,23,6,1,2,'true','true'),(2069,23,7,1,2,'true','true'),(2070,23,8,1,2,'true','true'),(2071,23,9,2,2,'true','true'),(2072,23,10,2,2,'true','true'),(2073,23,11,2,2,'true','true'),(2074,23,12,1,2,'true','true'),(2075,23,13,1,2,'true','true'),(2076,23,14,1,2,'true','true'),(2077,23,15,1,2,'true','true'),(2078,23,16,1,2,'true','true'),(2079,23,17,1,2,'true','true'),(2080,23,18,1,2,'true','true'),(2081,23,19,1,2,'true','true'),(2082,24,0,1,2,'true','true'),(2083,24,1,1,2,'true','true'),(2084,24,2,1,2,'true','true'),(2085,24,3,1,2,'true','true'),(2086,24,4,1,2,'true','true'),(2087,24,5,1,2,'true','true'),(2088,24,6,1,2,'true','true'),(2089,24,7,1,2,'true','true'),(2090,24,8,1,2,'true','true'),(2091,24,9,2,2,'true','true'),(2092,24,10,2,2,'true','true'),(2093,24,11,2,2,'true','true'),(2094,24,12,1,2,'true','true'),(2095,24,13,1,2,'true','true'),(2096,24,14,1,2,'true','true'),(2097,24,15,1,2,'true','true'),(2098,24,16,1,2,'true','true'),(2099,24,17,1,2,'true','true'),(2100,24,18,1,2,'true','true'),(2101,24,19,1,2,'true','true'),(2102,25,0,1,2,'true','true'),(2103,25,1,1,2,'true','true'),(2104,25,2,1,2,'true','true'),(2105,25,3,1,2,'true','true'),(2106,25,4,1,2,'true','true'),(2107,25,5,1,2,'true','true'),(2108,25,6,1,2,'true','true'),(2109,25,7,1,2,'true','true'),(2110,25,8,1,2,'true','true'),(2111,25,9,2,2,'true','true'),(2112,25,10,2,2,'true','true'),(2113,25,11,2,2,'true','true'),(2114,25,12,1,2,'true','true'),(2115,25,13,1,2,'true','true'),(2116,25,14,1,2,'true','true'),(2117,25,15,1,2,'true','true'),(2118,25,16,1,2,'true','true'),(2119,25,17,1,2,'true','true'),(2120,25,18,1,2,'true','true'),(2121,25,19,1,2,'true','true'),(2122,26,0,1,2,'true','true'),(2123,26,1,1,2,'true','true'),(2124,26,2,1,2,'true','true'),(2125,26,3,1,2,'true','true'),(2126,26,4,1,2,'true','true'),(2127,26,5,1,2,'true','true'),(2128,26,6,1,2,'true','true'),(2129,26,7,1,2,'true','true'),(2130,26,8,1,2,'true','true'),(2131,26,9,2,2,'true','true'),(2132,26,10,2,2,'true','true'),(2133,26,11,2,2,'true','true'),(2134,26,12,1,2,'true','true'),(2135,26,13,1,2,'true','true'),(2136,26,14,1,2,'true','true'),(2137,26,15,1,2,'true','true'),(2138,26,16,1,2,'true','true'),(2139,26,17,1,2,'true','true'),(2140,26,18,1,2,'true','true'),(2141,26,19,1,2,'true','true'),(2142,27,0,1,2,'true','true'),(2143,27,1,1,2,'true','true'),(2144,27,2,1,2,'true','true'),(2145,27,3,1,2,'true','true'),(2146,27,4,1,2,'true','true'),(2147,27,5,1,2,'true','true'),(2148,27,6,1,2,'true','true'),(2149,27,7,1,2,'true','true'),(2150,27,8,1,2,'true','true'),(2151,27,9,2,2,'true','true'),(2152,27,10,2,2,'true','true'),(2153,27,11,2,2,'true','true'),(2154,27,12,1,2,'true','true'),(2155,27,13,1,2,'true','true'),(2156,27,14,1,2,'true','true'),(2157,27,15,1,2,'true','true'),(2158,27,16,1,2,'true','true'),(2159,27,17,1,2,'true','true'),(2160,27,18,1,2,'true','true'),(2161,27,19,1,2,'true','true'),(2162,28,0,1,2,'true','true'),(2163,28,1,1,2,'true','true'),(2164,28,2,1,2,'true','true'),(2165,28,3,1,2,'true','true'),(2166,28,4,1,2,'true','true'),(2167,28,5,1,2,'true','true'),(2168,28,6,1,2,'true','true'),(2169,28,7,1,2,'true','true'),(2170,28,8,1,2,'true','true'),(2171,28,9,2,2,'true','true'),(2172,28,10,2,2,'true','true'),(2173,28,11,2,2,'true','true'),(2174,28,12,1,2,'true','true'),(2175,28,13,1,2,'true','true'),(2176,28,14,1,2,'true','true'),(2177,28,15,1,2,'true','true'),(2178,28,16,1,2,'true','true'),(2179,28,17,1,2,'true','true'),(2180,28,18,1,2,'true','true'),(2181,28,19,1,2,'true','true'),(2182,29,0,1,2,'true','true'),(2183,29,1,1,2,'true','true'),(2184,29,2,1,2,'true','true'),(2185,29,3,1,2,'true','true'),(2186,29,4,1,2,'true','true'),(2187,29,5,1,2,'true','true'),(2188,29,6,1,2,'true','true'),(2189,29,7,1,2,'true','true'),(2190,29,8,1,2,'true','true'),(2191,29,9,2,2,'true','true'),(2192,29,10,2,2,'true','true'),(2193,29,11,2,2,'true','true'),(2194,29,12,1,2,'true','true'),(2195,29,13,1,2,'true','true'),(2196,29,14,1,2,'true','true'),(2197,29,15,1,2,'true','true'),(2198,29,16,1,2,'true','true'),(2199,29,17,1,2,'true','true'),(2200,29,18,1,2,'true','true'),(2201,29,19,1,2,'true','true'),(2202,30,0,1,2,'true','true'),(2203,30,1,1,2,'true','true'),(2204,30,2,1,2,'true','true'),(2205,30,3,1,2,'true','true'),(2206,30,4,1,2,'true','true'),(2207,30,5,1,2,'true','true'),(2208,30,6,1,2,'true','true'),(2209,30,7,1,2,'true','true'),(2210,30,8,1,2,'true','true'),(2211,30,9,2,2,'true','true'),(2212,30,10,2,2,'true','true'),(2213,30,11,2,2,'true','true'),(2214,30,12,1,2,'true','true'),(2215,30,13,1,2,'true','true'),(2216,30,14,1,2,'true','true'),(2217,30,15,1,2,'true','true'),(2218,30,16,1,2,'true','true'),(2219,30,17,1,2,'true','true'),(2220,30,18,1,2,'true','true'),(2221,30,19,1,2,'true','true'),(2222,31,0,1,2,'true','true'),(2223,31,1,1,2,'true','true'),(2224,31,2,1,2,'true','true'),(2225,31,3,1,2,'true','true'),(2226,31,4,1,2,'true','true'),(2227,31,5,1,2,'true','true'),(2228,31,6,1,2,'true','true'),(2229,31,7,1,2,'true','true'),(2230,31,8,1,2,'true','true'),(2231,31,9,2,2,'true','true'),(2232,31,10,2,2,'true','true'),(2233,31,11,2,2,'true','true'),(2234,31,12,1,2,'true','true'),(2235,31,13,1,2,'true','true'),(2236,31,14,1,2,'true','true'),(2237,31,15,1,2,'true','true'),(2238,31,16,1,2,'true','true'),(2239,31,17,1,2,'true','true'),(2240,31,18,1,2,'true','true'),(2241,31,19,1,2,'true','true'),(2242,32,0,1,2,'true','true'),(2243,32,1,1,2,'true','true'),(2244,32,2,1,2,'true','true'),(2245,32,3,1,2,'true','true'),(2246,32,4,1,2,'true','true'),(2247,32,5,1,2,'true','true'),(2248,32,6,1,2,'true','true'),(2249,32,7,1,2,'true','true'),(2250,32,8,1,2,'true','true'),(2251,32,9,2,2,'true','true'),(2252,32,10,2,2,'true','true'),(2253,32,11,2,2,'true','true'),(2254,32,12,1,2,'true','true'),(2255,32,13,1,2,'true','true'),(2256,32,14,1,2,'true','true'),(2257,32,15,1,2,'true','true'),(2258,32,16,1,2,'true','true'),(2259,32,17,1,2,'true','true'),(2260,32,18,1,2,'true','true'),(2261,32,19,1,2,'true','true'),(2262,33,0,1,2,'true','true'),(2263,33,1,1,2,'true','true'),(2264,33,2,1,2,'true','true'),(2265,33,3,1,2,'true','true'),(2266,33,4,1,2,'true','true'),(2267,33,5,1,2,'true','true'),(2268,33,6,1,2,'true','true'),(2269,33,7,1,2,'true','true'),(2270,33,8,1,2,'true','true'),(2271,33,9,2,2,'true','true'),(2272,33,10,2,2,'true','true'),(2273,33,11,2,2,'true','true'),(2274,33,12,1,2,'true','true'),(2275,33,13,1,2,'true','true'),(2276,33,14,1,2,'true','true'),(2277,33,15,1,2,'true','true'),(2278,33,16,1,2,'true','true'),(2279,33,17,1,2,'true','true'),(2280,33,18,1,2,'true','true'),(2281,33,19,1,2,'true','true'),(2282,34,0,1,2,'true','true'),(2283,34,1,1,2,'true','true'),(2284,34,2,1,2,'true','true'),(2285,34,3,1,2,'true','true'),(2286,34,4,1,2,'true','true'),(2287,34,5,1,2,'true','true'),(2288,34,6,1,2,'true','true'),(2289,34,7,1,2,'true','true'),(2290,34,8,1,2,'true','true'),(2291,34,9,2,2,'true','true'),(2292,34,10,2,2,'true','true'),(2293,34,11,2,2,'true','true'),(2294,34,12,1,2,'true','true'),(2295,34,13,1,2,'true','true'),(2296,34,14,1,2,'true','true'),(2297,34,15,1,2,'true','true'),(2298,34,16,1,2,'true','true'),(2299,34,17,1,2,'true','true'),(2300,34,18,1,2,'true','true'),(2301,34,19,1,2,'true','true'),(2302,35,0,1,2,'true','true'),(2303,35,1,1,2,'true','true'),(2304,35,2,1,2,'true','true'),(2305,35,3,1,2,'true','true'),(2306,35,4,1,2,'true','true'),(2307,35,5,1,2,'true','true'),(2308,35,6,1,2,'true','true'),(2309,35,7,1,2,'true','true'),(2310,35,8,1,2,'true','true'),(2311,35,9,2,2,'true','true'),(2312,35,10,2,2,'true','true'),(2313,35,11,2,2,'true','true'),(2314,35,12,1,2,'true','true'),(2315,35,13,1,2,'true','true'),(2316,35,14,1,2,'true','true'),(2317,35,15,1,2,'true','true'),(2318,35,16,1,2,'true','true'),(2319,35,17,1,2,'true','true'),(2320,35,18,1,2,'true','true'),(2321,35,19,1,2,'true','true'),(2322,36,0,1,2,'true','true'),(2323,36,1,1,2,'true','true'),(2324,36,2,1,2,'true','true'),(2325,36,3,1,2,'true','true'),(2326,36,4,1,2,'true','true'),(2327,36,5,1,2,'true','true'),(2328,36,6,1,2,'true','true'),(2329,36,7,1,2,'true','true'),(2330,36,8,1,2,'true','true'),(2331,36,9,2,2,'true','true'),(2332,36,10,2,2,'true','true'),(2333,36,11,2,2,'true','true'),(2334,36,12,1,2,'true','true'),(2335,36,13,1,2,'true','true'),(2336,36,14,1,2,'true','true'),(2337,36,15,1,2,'true','true'),(2338,36,16,1,2,'true','true'),(2339,36,17,1,2,'true','true'),(2340,36,18,1,2,'true','true'),(2341,36,19,1,2,'true','true'),(2342,37,0,1,2,'true','true'),(2343,37,1,1,2,'true','true'),(2344,37,2,1,2,'true','true'),(2345,37,3,1,2,'true','true'),(2346,37,4,1,2,'true','true'),(2347,37,5,1,2,'true','true'),(2348,37,6,1,2,'true','true'),(2349,37,7,1,2,'true','true'),(2350,37,8,1,2,'true','true'),(2351,37,9,2,2,'true','true'),(2352,37,10,2,2,'true','true'),(2353,37,11,2,2,'true','true'),(2354,37,12,1,2,'true','true'),(2355,37,13,1,2,'true','true'),(2356,37,14,1,2,'true','true'),(2357,37,15,1,2,'true','true'),(2358,37,16,1,2,'true','true'),(2359,37,17,1,2,'true','true'),(2360,37,18,1,2,'true','true'),(2361,37,19,1,2,'true','true'),(2362,38,0,1,2,'true','true'),(2363,38,1,1,2,'true','true'),(2364,38,2,1,2,'true','true'),(2365,38,3,1,2,'true','true'),(2366,38,4,1,2,'true','true'),(2367,38,5,1,2,'true','true'),(2368,38,6,1,2,'true','true'),(2369,38,7,1,2,'true','true'),(2370,38,8,1,2,'true','true'),(2371,38,9,2,2,'true','true'),(2372,38,10,2,2,'true','true'),(2373,38,11,2,2,'true','true'),(2374,38,12,1,2,'true','true'),(2375,38,13,1,2,'true','true'),(2376,38,14,1,2,'true','true'),(2377,38,15,1,2,'true','true'),(2378,38,16,1,2,'true','true'),(2379,38,17,1,2,'true','true'),(2380,38,18,1,2,'true','true'),(2381,38,19,1,2,'true','true'),(2382,39,0,1,2,'true','true'),(2383,39,1,1,2,'true','true'),(2384,39,2,1,2,'true','true'),(2385,39,3,1,2,'true','true'),(2386,39,4,1,2,'true','true'),(2387,39,5,1,2,'true','true'),(2388,39,6,1,2,'true','true'),(2389,39,7,1,2,'true','true'),(2390,39,8,1,2,'true','true'),(2391,39,9,2,2,'true','true'),(2392,39,10,2,2,'true','true'),(2393,39,11,2,2,'true','true'),(2394,39,12,1,2,'true','true'),(2395,39,13,1,2,'true','true'),(2396,39,14,1,2,'true','true'),(2397,39,15,1,2,'true','true'),(2398,39,16,1,2,'true','true'),(2399,39,17,1,2,'true','true'),(2400,39,18,1,2,'true','true'),(2401,39,19,1,2,'true','true'),(2402,10,10,3,1,'false','false'),(2429,2,0,6,2,'false','false'),(2431,4,0,6,2,'false','false'),(2433,6,0,6,2,'false','false'),(2435,8,0,6,2,'false','false'),(2437,10,0,6,2,'false','false'),(2439,12,0,6,2,'false','false'),(2441,14,0,6,2,'false','false'),(2443,16,0,6,2,'false','false'),(2445,18,0,6,2,'false','false'),(2447,20,0,6,2,'false','false'),(2449,22,0,6,2,'false','false'),(2451,24,0,6,2,'false','false'),(2453,26,0,6,2,'false','false'),(2455,28,0,6,2,'false','false'),(2457,30,0,6,2,'false','false'),(2459,32,0,6,2,'false','false'),(2461,34,0,6,2,'false','false'),(2463,36,0,6,2,'false','false'),(2465,38,0,6,2,'false','false'),(2477,0,17,6,2,'false','false'),(2479,2,17,6,2,'false','false'),(2481,4,17,6,2,'false','false'),(2483,6,17,6,2,'false','false'),(2485,8,17,6,2,'false','false'),(2487,10,17,6,2,'false','false'),(2489,12,17,6,2,'false','false'),(2491,14,17,6,2,'false','false'),(2493,16,17,6,2,'false','false'),(2495,18,17,6,2,'false','false'),(2497,20,17,6,2,'false','false'),(2499,22,17,6,2,'false','false'),(2501,24,17,6,2,'false','false'),(2503,26,17,6,2,'false','false'),(2505,28,17,6,2,'false','false'),(2507,30,17,6,2,'false','false'),(2509,32,17,6,2,'false','false'),(2510,34,17,6,2,'false','false'),(2512,36,17,6,2,'false','false'),(2514,38,17,6,2,'false','false'),(2518,0,0,6,2,'false','false'),(2519,24,3,8,2,'false','false'),(2520,14,3,9,2,'false','false');
/*!40000 ALTER TABLE `map_asset` ENABLE KEYS */;
UNLOCK TABLES;

--
-- Table structure for table `map_exit`
--

DROP TABLE IF EXISTS `map_exit`;
/*!40101 SET @saved_cs_client     = @@character_set_client */;
/*!40101 SET character_set_client = utf8 */;
CREATE TABLE `map_exit` (
  `id` int(11) NOT NULL AUTO_INCREMENT,
  `first_map_id` int(11) NOT NULL,
  `first_map_x` int(11) NOT NULL,
  `first_map_y` int(11) NOT NULL,
  `second_map_id` int(11) NOT NULL,
  `second_map_x` int(11) NOT NULL,
  `second_map_y` int(11) NOT NULL,
  PRIMARY KEY (`id`),
  KEY `foreign_key_2_idx` (`second_map_id`),
  KEY `foreign_key_1_idx` (`first_map_id`),
  CONSTRAINT `foreign_key_3` FOREIGN KEY (`first_map_id`) REFERENCES `map` (`id`) ON DELETE NO ACTION ON UPDATE NO ACTION,
  CONSTRAINT `foreign_key_4` FOREIGN KEY (`second_map_id`) REFERENCES `map` (`id`) ON DELETE NO ACTION ON UPDATE NO ACTION
) ENGINE=InnoDB AUTO_INCREMENT=13 DEFAULT CHARSET=utf8;
/*!40101 SET character_set_client = @saved_cs_client */;

--
-- Dumping data for table `map_exit`
--

LOCK TABLES `map_exit` WRITE;
/*!40000 ALTER TABLE `map_exit` DISABLE KEYS */;
INSERT INTO `map_exit` VALUES (1,1,39,9,2,1,9),(2,1,39,10,2,1,10),(3,1,39,11,2,1,11),(10,2,0,9,1,37,9),(11,2,0,10,1,37,10),(12,2,0,11,1,37,11);
/*!40000 ALTER TABLE `map_exit` ENABLE KEYS */;
UNLOCK TABLES;

--
-- Table structure for table `messages`
--

DROP TABLE IF EXISTS `messages`;
/*!40101 SET @saved_cs_client     = @@character_set_client */;
/*!40101 SET character_set_client = utf8 */;
CREATE TABLE `messages` (
  `id` int(11) unsigned NOT NULL AUTO_INCREMENT,
  `user_id` int(11) NOT NULL,
  `map_id` int(11) NOT NULL,
  `content` longtext NOT NULL,
  `time_stamp` datetime NOT NULL,
  PRIMARY KEY (`id`),
  KEY `userID_idx` (`user_id`),
  KEY `cid_idx` (`map_id`),
  CONSTRAINT `cid` FOREIGN KEY (`map_id`) REFERENCES `map` (`id`) ON DELETE NO ACTION ON UPDATE NO ACTION,
  CONSTRAINT `uid` FOREIGN KEY (`user_id`) REFERENCES `users` (`id`) ON DELETE NO ACTION ON UPDATE NO ACTION
) ENGINE=InnoDB AUTO_INCREMENT=1318 DEFAULT CHARSET=utf8;
/*!40101 SET character_set_client = @saved_cs_client */;

--
-- Dumping data for table `messages`
--

LOCK TABLES `messages` WRITE;
/*!40000 ALTER TABLE `messages` DISABLE KEYS */;
INSERT INTO `messages` VALUES (1317,2,2,'nobody cares :)','2016-04-05 22:56:35');
/*!40000 ALTER TABLE `messages` ENABLE KEYS */;
UNLOCK TABLES;

--
-- Table structure for table `users`
--

DROP TABLE IF EXISTS `users`;
/*!40101 SET @saved_cs_client     = @@character_set_client */;
/*!40101 SET character_set_client = utf8 */;
CREATE TABLE `users` (
  `id` int(11) NOT NULL AUTO_INCREMENT,
  `first_name` varchar(45) NOT NULL,
  `last_name` varchar(45) NOT NULL,
  `profile_image` varchar(45) DEFAULT NULL,
  `shape` int(11) DEFAULT NULL,
  `color` int(11) DEFAULT NULL,
  `nick_name` varchar(45) NOT NULL,
  `x` int(11) DEFAULT NULL,
  `y` int(11) DEFAULT NULL,
  `current_map_id` int(11) DEFAULT NULL,
  PRIMARY KEY (`id`),
  UNIQUE KEY `Id_UNIQUE` (`id`),
  KEY `user_to_current_map_idx` (`current_map_id`),
  CONSTRAINT `user_to_current_map` FOREIGN KEY (`current_map_id`) REFERENCES `map` (`id`) ON DELETE NO ACTION ON UPDATE NO ACTION
) ENGINE=InnoDB AUTO_INCREMENT=6 DEFAULT CHARSET=utf8;
/*!40101 SET character_set_client = @saved_cs_client */;

--
-- Dumping data for table `users`
--

LOCK TABLES `users` WRITE;
/*!40000 ALTER TABLE `users` DISABLE KEYS */;
INSERT INTO `users` VALUES (1,'Ahmed','Saab',NULL,3,1,'Sa3bolla',9,9,2),(2,'Amr','Alaa',NULL,2,2,'Moro',4,7,2),(3,'Salma','Ramadan',NULL,3,2,'Soso',10,10,1),(4,'Wa7ed','Sa7ebna',NULL,2,2,'El Wala',10,10,1),(5,'Noha','Saab',NULL,1,3,'Nousa',10,10,1);
/*!40000 ALTER TABLE `users` ENABLE KEYS */;
UNLOCK TABLES;
/*!40103 SET TIME_ZONE=@OLD_TIME_ZONE */;

/*!40101 SET SQL_MODE=@OLD_SQL_MODE */;
/*!40014 SET FOREIGN_KEY_CHECKS=@OLD_FOREIGN_KEY_CHECKS */;
/*!40014 SET UNIQUE_CHECKS=@OLD_UNIQUE_CHECKS */;
/*!40101 SET CHARACTER_SET_CLIENT=@OLD_CHARACTER_SET_CLIENT */;
/*!40101 SET CHARACTER_SET_RESULTS=@OLD_CHARACTER_SET_RESULTS */;
/*!40101 SET COLLATION_CONNECTION=@OLD_COLLATION_CONNECTION */;
/*!40111 SET SQL_NOTES=@OLD_SQL_NOTES */;

-- Dump completed on 2016-04-05 23:04:07
